epoch,batch,train_loss,train_accuracy
0.0,0.0,1.0947615,0.375
1.0,1.0,1.0114746,0.578125
1.0,2.0,1.0081806,0.4375
1.0,3.0,0.9557206,0.609375
1.0,4.0,0.9447263,0.5625
1.0,5.0,0.8720116,0.640625
1.0,6.0,0.9014292,0.5625
1.0,7.0,0.8615037,0.53125
1.0,8.0,0.8695674,0.578125
1.0,9.0,0.88510174,0.640625
1.0,10.0,0.8753022,0.578125
1.0,11.0,0.75331056,0.75
1.0,12.0,0.9077279,0.46875
1.0,13.0,0.82727516,0.609375
1.0,14.0,0.70069456,0.734375
1.0,15.0,0.7325376,0.65625
1.0,16.0,0.87322545,0.578125
1.0,17.0,0.6960335,0.734375
1.0,18.0,0.70373154,0.671875
1.0,19.0,0.7628518,0.578125
1.0,20.0,0.6709206,0.703125
1.0,21.0,0.7207312,0.71875
1.0,22.0,0.8301523,0.59375
1.0,23.0,0.710272,0.609375
1.0,24.0,0.74129987,0.671875
1.0,25.0,0.87468266,0.546875
1.0,26.0,0.58765227,0.8125
1.0,27.0,0.5957183,0.796875
1.0,28.0,0.7160593,0.59375
1.0,29.0,0.8035689,0.59375
1.0,30.0,0.63844085,0.703125
1.0,31.0,0.59252673,0.78125
1.0,32.0,0.6713344,0.65625
1.0,33.0,0.63110965,0.6875
1.0,34.0,0.68117297,0.71875
1.0,35.0,0.66181743,0.71875
1.0,36.0,0.6416677,0.765625
1.0,37.0,0.723711,0.765625
1.0,38.0,0.78185755,0.75
1.0,39.0,0.591731,0.84375
1.0,40.0,0.77256006,0.65625
1.0,41.0,0.58873767,0.75
1.0,42.0,0.5689315,0.71875
1.0,43.0,0.6470551,0.734375
1.0,44.0,0.6914691,0.65625
1.0,45.0,0.5446683,0.84375
1.0,46.0,0.62113106,0.703125
1.0,47.0,0.72085696,0.59375
1.0,48.0,0.6667334,0.6875
1.0,49.0,0.6216706,0.734375
1.0,50.0,0.60026133,0.765625
1.0,51.0,0.6534337,0.6875
1.0,52.0,0.52199167,0.828125
1.0,53.0,0.623642,0.6875
1.0,54.0,0.6704773,0.71875
1.0,55.0,0.7093228,0.625
1.0,56.0,0.67354035,0.71875
1.0,57.0,0.60180277,0.71875
1.0,58.0,0.62685263,0.703125
1.0,59.0,0.58287024,0.75
1.0,60.0,0.66617906,0.71875
1.0,61.0,0.5766551,0.71875
1.0,62.0,0.5363891,0.828125
1.0,63.0,0.6620116,0.703125
1.0,64.0,0.61003035,0.6875
1.0,65.0,0.6056773,0.78125
1.0,66.0,0.6035498,0.78125
1.0,67.0,0.55237824,0.71875
1.0,68.0,0.6557597,0.6875
1.0,69.0,0.5801167,0.75
1.0,70.0,0.56263614,0.78125
1.0,71.0,0.664285,0.671875
1.0,72.0,0.6046778,0.6875
1.0,73.0,0.67096245,0.6875
1.0,74.0,0.55782914,0.765625
1.0,75.0,0.6805559,0.703125
1.0,76.0,0.5958041,0.734375
1.0,77.0,0.6070523,0.671875
1.0,78.0,0.6470654,0.65625
1.0,79.0,0.59628445,0.71875
1.0,80.0,0.7554629,0.640625
1.0,81.0,0.5598368,0.796875
1.0,82.0,0.58054006,0.75
1.0,83.0,0.66134727,0.65625
1.0,84.0,0.63750106,0.734375
1.0,85.0,0.603229,0.75
1.0,86.0,0.48598227,0.828125
1.0,87.0,0.5951685,0.71875
1.0,88.0,0.595074,0.8125
1.0,89.0,0.5033625,0.84375
1.0,90.0,0.60671896,0.796875
1.0,91.0,0.501524,0.84375
1.0,92.0,0.56703275,0.734375
1.0,93.0,0.60406893,0.765625
1.0,94.0,0.5789192,0.78125
1.0,95.0,0.52032053,0.765625
1.0,96.0,0.5049846,0.8125
1.0,97.0,0.5567457,0.734375
1.0,98.0,0.5916695,0.75
1.0,99.0,0.538908,0.8125
1.0,100.0,0.54797447,0.859375
1.0,101.0,0.6755856,0.65625
1.0,102.0,0.5717231,0.765625
1.0,103.0,0.5530628,0.75
1.0,104.0,0.49072143,0.859375
1.0,105.0,0.6862176,0.71875
1.0,106.0,0.55744725,0.78125
1.0,107.0,0.5526387,0.75
1.0,108.0,0.53137326,0.828125
1.0,109.0,0.45209408,0.875
1.0,110.0,0.5415646,0.796875
1.0,111.0,0.538626,0.765625
1.0,112.0,0.47634584,0.828125
1.0,113.0,0.535505,0.78125
1.0,114.0,0.569047,0.75
1.0,115.0,0.49027842,0.765625
1.0,116.0,0.49065953,0.8125
1.0,117.0,0.4521884,0.875
1.0,118.0,0.44041595,0.828125
1.0,119.0,0.57837903,0.75
1.0,120.0,0.6281111,0.6875
1.0,121.0,0.51275957,0.828125
1.0,122.0,0.51329696,0.796875
1.0,123.0,0.48725948,0.859375
1.0,124.0,0.5308753,0.75
1.0,125.0,0.60999364,0.765625
1.0,126.0,0.5296515,0.828125
1.0,127.0,0.46563357,0.859375
1.0,128.0,0.54586715,0.8125
1.0,129.0,0.6119512,0.734375
1.0,130.0,0.46841422,0.84375
1.0,131.0,0.4458759,0.875
1.0,132.0,0.5715742,0.71875
1.0,133.0,0.4700513,0.796875
1.0,134.0,0.5414115,0.78125
1.0,135.0,0.40683433,0.875
1.0,136.0,0.5918297,0.703125
1.0,137.0,0.49557,0.796875
1.0,138.0,0.49790102,0.8125
1.0,139.0,0.47852328,0.875
1.0,140.0,0.4640078,0.796875
1.0,141.0,0.47250673,0.84375
1.0,142.0,0.485033,0.828125
1.0,143.0,0.4632686,0.796875
1.0,144.0,0.55599254,0.765625
1.0,145.0,0.60432506,0.78125
1.0,146.0,0.5015842,0.8125
1.0,147.0,0.46915278,0.828125
1.0,148.0,0.5237236,0.8125
1.0,149.0,0.44430807,0.875
1.0,150.0,0.5430759,0.765625
1.0,151.0,0.5192462,0.75
1.0,152.0,0.48247233,0.8125
1.0,153.0,0.5827172,0.78125
1.0,154.0,0.5176836,0.78125
1.0,155.0,0.48312294,0.828125
1.0,156.0,0.5231138,0.796875
1.0,157.0,0.42178366,0.84375
1.0,158.0,0.5935357,0.75
1.0,159.0,0.51957256,0.796875
1.0,160.0,0.6556762,0.734375
1.0,161.0,0.54788464,0.703125
1.0,162.0,0.49607402,0.875
1.0,163.0,0.48363993,0.796875
1.0,164.0,0.450233,0.8125
1.0,165.0,0.43934256,0.8125
1.0,166.0,0.39859658,0.875
1.0,167.0,0.46280658,0.8125
1.0,168.0,0.57146364,0.734375
1.0,169.0,0.49674496,0.8125
1.0,170.0,0.5214963,0.796875
1.0,171.0,0.43206343,0.8125
1.0,172.0,0.48981562,0.796875
1.0,173.0,0.54090893,0.765625
1.0,174.0,0.53337866,0.78125
1.0,175.0,0.41548732,0.859375
1.0,176.0,0.49506897,0.8125
1.0,177.0,0.46410996,0.875
1.0,178.0,0.5494524,0.734375
1.0,179.0,0.45705158,0.875
1.0,180.0,0.5576556,0.78125
1.0,181.0,0.4470362,0.875
1.0,182.0,0.4243744,0.8125
1.0,183.0,0.50193995,0.765625
1.0,184.0,0.52617013,0.765625
1.0,185.0,0.47299936,0.859375
1.0,186.0,0.5878512,0.734375
1.0,187.0,0.46256226,0.78125
1.0,188.0,0.51932156,0.65625
2.0,189.0,0.44510365,0.890625
2.0,190.0,0.5567065,0.765625
2.0,191.0,0.5460307,0.8125
2.0,192.0,0.38456786,0.875
2.0,193.0,0.53767747,0.734375
2.0,194.0,0.5355889,0.84375
2.0,195.0,0.43862015,0.859375
2.0,196.0,0.4694516,0.734375
2.0,197.0,0.47495836,0.875
2.0,198.0,0.40827036,0.875
2.0,199.0,0.4549099,0.859375
2.0,200.0,0.5085984,0.8125
2.0,201.0,0.47145537,0.859375
2.0,202.0,0.38542026,0.859375
2.0,203.0,0.47324416,0.8125
2.0,204.0,0.5636466,0.703125
2.0,205.0,0.46700197,0.796875
2.0,206.0,0.42220086,0.8125
2.0,207.0,0.5027836,0.8125
2.0,208.0,0.4292494,0.875
2.0,209.0,0.45838475,0.78125
2.0,210.0,0.48687238,0.828125
2.0,211.0,0.45770708,0.828125
2.0,212.0,0.39309686,0.875
2.0,213.0,0.4876215,0.8125
2.0,214.0,0.4972843,0.796875
2.0,215.0,0.4467337,0.8125
2.0,216.0,0.48906514,0.75
2.0,217.0,0.47853628,0.84375
2.0,218.0,0.48204938,0.78125
2.0,219.0,0.49869412,0.78125
2.0,220.0,0.42792708,0.875
2.0,221.0,0.4270061,0.84375
2.0,222.0,0.46253815,0.8125
2.0,223.0,0.39096034,0.859375
2.0,224.0,0.45688802,0.8125
2.0,225.0,0.47237125,0.828125
2.0,226.0,0.34025112,0.90625
2.0,227.0,0.46580616,0.828125
2.0,228.0,0.4450191,0.875
2.0,229.0,0.4272469,0.859375
2.0,230.0,0.52046895,0.734375
2.0,231.0,0.40738136,0.875
2.0,232.0,0.50964516,0.8125
2.0,233.0,0.464105,0.8125
2.0,234.0,0.41409153,0.8125
2.0,235.0,0.47358975,0.78125
2.0,236.0,0.42272815,0.875
2.0,237.0,0.49379987,0.8125
2.0,238.0,0.406299,0.84375
2.0,239.0,0.50639147,0.8125
2.0,240.0,0.5138401,0.796875
2.0,241.0,0.5256326,0.765625
2.0,242.0,0.4857117,0.796875
2.0,243.0,0.4656002,0.859375
2.0,244.0,0.51963377,0.734375
2.0,245.0,0.43661764,0.8125
2.0,246.0,0.45572802,0.796875
2.0,247.0,0.43454635,0.828125
2.0,248.0,0.4686406,0.828125
2.0,249.0,0.37894052,0.859375
2.0,250.0,0.47817063,0.828125
2.0,251.0,0.57056516,0.796875
2.0,252.0,0.42363432,0.875
2.0,253.0,0.43699393,0.828125
2.0,254.0,0.42244038,0.796875
2.0,255.0,0.46911728,0.828125
2.0,256.0,0.56478703,0.671875
2.0,257.0,0.45291382,0.84375
2.0,258.0,0.45711127,0.796875
2.0,259.0,0.42612675,0.828125
2.0,260.0,0.38853368,0.859375
2.0,261.0,0.4279366,0.859375
2.0,262.0,0.42130116,0.796875
2.0,263.0,0.45532265,0.765625
2.0,264.0,0.41026697,0.84375
2.0,265.0,0.39448333,0.859375
2.0,266.0,0.45287487,0.84375
2.0,267.0,0.44043761,0.859375
2.0,268.0,0.39451662,0.84375
2.0,269.0,0.38244346,0.875
2.0,270.0,0.40362075,0.8125
2.0,271.0,0.36403766,0.9375
2.0,272.0,0.3444897,0.90625
2.0,273.0,0.42456594,0.796875
2.0,274.0,0.48527768,0.78125
2.0,275.0,0.39532995,0.828125
2.0,276.0,0.4623552,0.796875
2.0,277.0,0.40444347,0.84375
2.0,278.0,0.38064682,0.90625
2.0,279.0,0.44665062,0.859375
2.0,280.0,0.4334963,0.859375
2.0,281.0,0.49185845,0.78125
2.0,282.0,0.49825004,0.765625
2.0,283.0,0.43990523,0.859375
2.0,284.0,0.4251531,0.84375
2.0,285.0,0.52388865,0.796875
2.0,286.0,0.4983293,0.796875
2.0,287.0,0.520454,0.765625
2.0,288.0,0.4075914,0.828125
2.0,289.0,0.4198337,0.78125
2.0,290.0,0.373583,0.84375
2.0,291.0,0.38372242,0.875
2.0,292.0,0.46112853,0.828125
2.0,293.0,0.5052234,0.75
2.0,294.0,0.3902862,0.890625
2.0,295.0,0.50769264,0.734375
2.0,296.0,0.42833936,0.8125
2.0,297.0,0.32993296,0.890625
2.0,298.0,0.44374344,0.8125
2.0,299.0,0.3928153,0.890625
2.0,300.0,0.47686836,0.84375
2.0,301.0,0.37192395,0.8125
2.0,302.0,0.54694635,0.703125
2.0,303.0,0.40541318,0.859375
2.0,304.0,0.44554058,0.84375
2.0,305.0,0.50709814,0.8125
2.0,306.0,0.47537768,0.8125
2.0,307.0,0.4074754,0.859375
2.0,308.0,0.44593793,0.796875
2.0,309.0,0.574188,0.8125
2.0,310.0,0.46729583,0.78125
2.0,311.0,0.60171366,0.671875
2.0,312.0,0.38400865,0.828125
2.0,313.0,0.4117367,0.84375
2.0,314.0,0.409338,0.828125
2.0,315.0,0.5048378,0.8125
2.0,316.0,0.44716686,0.828125
2.0,317.0,0.4279062,0.84375
2.0,318.0,0.36677343,0.84375
2.0,319.0,0.40467244,0.859375
2.0,320.0,0.336965,0.921875
2.0,321.0,0.39996478,0.859375
2.0,322.0,0.44509527,0.8125
2.0,323.0,0.3910656,0.828125
2.0,324.0,0.49363956,0.828125
2.0,325.0,0.4729259,0.765625
2.0,326.0,0.46157694,0.78125
2.0,327.0,0.38805363,0.9375
2.0,328.0,0.43533924,0.796875
2.0,329.0,0.40688536,0.84375
2.0,330.0,0.55993223,0.8125
2.0,331.0,0.43490043,0.8125
2.0,332.0,0.3862245,0.875
2.0,333.0,0.3854008,0.828125
2.0,334.0,0.39120004,0.875
2.0,335.0,0.42446348,0.859375
2.0,336.0,0.33401126,0.875
2.0,337.0,0.35737172,0.890625
2.0,338.0,0.4706475,0.78125
2.0,339.0,0.40437108,0.84375
2.0,340.0,0.3607481,0.875
2.0,341.0,0.39740708,0.84375
2.0,342.0,0.48487815,0.796875
2.0,343.0,0.35496154,0.890625
2.0,344.0,0.38709316,0.84375
2.0,345.0,0.39802718,0.90625
2.0,346.0,0.4063158,0.859375
2.0,347.0,0.37666506,0.890625
2.0,348.0,0.43182638,0.8125
2.0,349.0,0.50528175,0.78125
2.0,350.0,0.4409178,0.8125
2.0,351.0,0.38937852,0.890625
2.0,352.0,0.44210264,0.8125
2.0,353.0,0.3916391,0.875
2.0,354.0,0.4494111,0.8125
2.0,355.0,0.46433553,0.796875
2.0,356.0,0.37066537,0.875
2.0,357.0,0.4700598,0.765625
2.0,358.0,0.29153156,0.921875
2.0,359.0,0.3839642,0.84375
2.0,360.0,0.39716554,0.875
2.0,361.0,0.44040325,0.8125
2.0,362.0,0.42095608,0.84375
2.0,363.0,0.3806447,0.84375
2.0,364.0,0.5508487,0.765625
2.0,365.0,0.37668872,0.875
2.0,366.0,0.4727991,0.796875
2.0,367.0,0.4535355,0.796875
2.0,368.0,0.4344448,0.84375
2.0,369.0,0.4865937,0.796875
2.0,370.0,0.4010618,0.84375
2.0,371.0,0.40860942,0.78125
2.0,372.0,0.3538456,0.859375
2.0,373.0,0.41355938,0.84375
2.0,374.0,0.37897864,0.859375
2.0,375.0,0.36863038,0.90625
2.0,376.0,0.5154841,0.78125
3.0,377.0,0.52811,0.75
3.0,378.0,0.41868874,0.828125
3.0,379.0,0.37167755,0.875
3.0,380.0,0.49012816,0.75
3.0,381.0,0.43770507,0.8125
3.0,382.0,0.5083378,0.796875
3.0,383.0,0.44840667,0.828125
3.0,384.0,0.4683244,0.796875
3.0,385.0,0.5330992,0.75
3.0,386.0,0.3916566,0.84375
3.0,387.0,0.4572227,0.859375
3.0,388.0,0.46772337,0.828125
3.0,389.0,0.41496104,0.8125
3.0,390.0,0.4947652,0.78125
3.0,391.0,0.45732144,0.828125
3.0,392.0,0.3390772,0.875
3.0,393.0,0.3907723,0.796875
3.0,394.0,0.46774507,0.78125
3.0,395.0,0.37720904,0.84375
3.0,396.0,0.4368077,0.78125
3.0,397.0,0.4251425,0.875
3.0,398.0,0.38754815,0.828125
3.0,399.0,0.50528884,0.734375
3.0,400.0,0.3502815,0.875
3.0,401.0,0.47067583,0.796875
3.0,402.0,0.44743207,0.828125
3.0,403.0,0.379092,0.859375
3.0,404.0,0.44402942,0.796875
3.0,405.0,0.40250516,0.8125
3.0,406.0,0.3939283,0.90625
3.0,407.0,0.5190778,0.765625
3.0,408.0,0.31535366,0.890625
3.0,409.0,0.34800893,0.84375
3.0,410.0,0.4390037,0.8125
3.0,411.0,0.35811254,0.875
3.0,412.0,0.40913278,0.859375
3.0,413.0,0.44423229,0.796875
3.0,414.0,0.49237394,0.75
3.0,415.0,0.4352216,0.796875
3.0,416.0,0.42066598,0.828125
3.0,417.0,0.45129916,0.8125
3.0,418.0,0.430998,0.8125
3.0,419.0,0.39072835,0.875
3.0,420.0,0.31295827,0.859375
3.0,421.0,0.4509263,0.75
3.0,422.0,0.3087487,0.921875
3.0,423.0,0.28734294,0.921875
3.0,424.0,0.5419908,0.765625
3.0,425.0,0.5224192,0.75
3.0,426.0,0.46520996,0.828125
3.0,427.0,0.33544993,0.859375
3.0,428.0,0.3638006,0.84375
3.0,429.0,0.40358105,0.859375
3.0,430.0,0.34457627,0.84375
3.0,431.0,0.40145025,0.859375
3.0,432.0,0.38824403,0.875
3.0,433.0,0.46809906,0.796875
3.0,434.0,0.3939155,0.828125
3.0,435.0,0.35720482,0.859375
3.0,436.0,0.34038705,0.875
3.0,437.0,0.46981928,0.8125
3.0,438.0,0.4062405,0.859375
3.0,439.0,0.4157279,0.796875
3.0,440.0,0.3422306,0.921875
3.0,441.0,0.3773006,0.890625
3.0,442.0,0.3990138,0.859375
3.0,443.0,0.3322834,0.875
3.0,444.0,0.4686544,0.828125
3.0,445.0,0.31811577,0.90625
3.0,446.0,0.37622136,0.828125
3.0,447.0,0.42714983,0.859375
3.0,448.0,0.3531443,0.875
3.0,449.0,0.35222077,0.8125
3.0,450.0,0.39798364,0.8125
3.0,451.0,0.40197185,0.859375
3.0,452.0,0.44324717,0.859375
3.0,453.0,0.5217897,0.8125
3.0,454.0,0.46274167,0.828125
3.0,455.0,0.3402807,0.921875
3.0,456.0,0.4080067,0.828125
3.0,457.0,0.4615038,0.765625
3.0,458.0,0.3500829,0.90625
3.0,459.0,0.35605484,0.921875
3.0,460.0,0.38117182,0.84375
3.0,461.0,0.3630925,0.875
3.0,462.0,0.37161556,0.875
3.0,463.0,0.38067868,0.859375
3.0,464.0,0.27803245,0.9375
3.0,465.0,0.41728264,0.828125
3.0,466.0,0.39520937,0.84375
3.0,467.0,0.40931666,0.8125
3.0,468.0,0.25676355,0.96875
3.0,469.0,0.3596229,0.84375
3.0,470.0,0.37623653,0.84375
3.0,471.0,0.396353,0.875
3.0,472.0,0.4151008,0.84375
3.0,473.0,0.43228513,0.78125
3.0,474.0,0.3606664,0.890625
3.0,475.0,0.3664043,0.859375
3.0,476.0,0.34215415,0.859375
3.0,477.0,0.3456433,0.890625
3.0,478.0,0.4142266,0.828125
3.0,479.0,0.4852662,0.8125
3.0,480.0,0.37653974,0.8125
3.0,481.0,0.42053202,0.796875
3.0,482.0,0.49782345,0.796875
3.0,483.0,0.41954833,0.828125
3.0,484.0,0.48810327,0.78125
3.0,485.0,0.51078147,0.796875
3.0,486.0,0.42089924,0.8125
3.0,487.0,0.57362694,0.734375
3.0,488.0,0.46834078,0.765625
3.0,489.0,0.5220003,0.71875
3.0,490.0,0.45134494,0.765625
3.0,491.0,0.31438184,0.875
3.0,492.0,0.32604274,0.890625
3.0,493.0,0.3405198,0.875
3.0,494.0,0.397782,0.84375
3.0,495.0,0.2910833,0.890625
3.0,496.0,0.41929302,0.875
3.0,497.0,0.35280463,0.859375
3.0,498.0,0.38002986,0.84375
3.0,499.0,0.35036546,0.859375
3.0,500.0,0.39934233,0.875
3.0,501.0,0.40153223,0.859375
3.0,502.0,0.28887543,0.90625
3.0,503.0,0.3900713,0.8125
3.0,504.0,0.55796653,0.859375
3.0,505.0,0.40490067,0.828125
3.0,506.0,0.3669725,0.859375
3.0,507.0,0.36826497,0.859375
3.0,508.0,0.40419424,0.8125
3.0,509.0,0.40718597,0.8125
3.0,510.0,0.33530128,0.84375
3.0,511.0,0.483075,0.796875
3.0,512.0,0.35439175,0.84375
3.0,513.0,0.43442506,0.765625
3.0,514.0,0.40780216,0.84375
3.0,515.0,0.44640788,0.828125
3.0,516.0,0.4078755,0.796875
3.0,517.0,0.36944947,0.859375
3.0,518.0,0.48155615,0.8125
3.0,519.0,0.43489048,0.828125
3.0,520.0,0.43665686,0.84375
3.0,521.0,0.49331275,0.765625
3.0,522.0,0.40876076,0.828125
3.0,523.0,0.38189536,0.84375
3.0,524.0,0.37056237,0.859375
3.0,525.0,0.45405093,0.765625
3.0,526.0,0.37766287,0.84375
3.0,527.0,0.32481554,0.84375
3.0,528.0,0.38255858,0.796875
3.0,529.0,0.46699265,0.859375
3.0,530.0,0.32585514,0.890625
3.0,531.0,0.57068646,0.734375
3.0,532.0,0.5297534,0.703125
3.0,533.0,0.3750273,0.796875
3.0,534.0,0.4626392,0.796875
3.0,535.0,0.37837365,0.90625
3.0,536.0,0.42712077,0.859375
3.0,537.0,0.4420945,0.84375
3.0,538.0,0.47458017,0.78125
3.0,539.0,0.4228561,0.875
3.0,540.0,0.3758536,0.875
3.0,541.0,0.41054648,0.828125
3.0,542.0,0.3497317,0.875
3.0,543.0,0.41706958,0.796875
3.0,544.0,0.37523058,0.828125
3.0,545.0,0.35626513,0.890625
3.0,546.0,0.41627324,0.84375
3.0,547.0,0.37029293,0.8125
3.0,548.0,0.34555498,0.84375
3.0,549.0,0.3941239,0.859375
3.0,550.0,0.5893523,0.765625
3.0,551.0,0.4456781,0.8125
3.0,552.0,0.43954378,0.75
3.0,553.0,0.35572305,0.890625
3.0,554.0,0.4049059,0.84375
3.0,555.0,0.29040667,0.90625
3.0,556.0,0.3479568,0.90625
3.0,557.0,0.33539316,0.84375
3.0,558.0,0.4831374,0.8125
3.0,559.0,0.38700947,0.8125
3.0,560.0,0.3672349,0.859375
3.0,561.0,0.42700723,0.765625
3.0,562.0,0.4203061,0.859375
3.0,563.0,0.3376453,0.890625
3.0,564.0,0.47686815,0.84375
4.0,565.0,0.41842458,0.765625
4.0,566.0,0.422993,0.875
4.0,567.0,0.33700317,0.859375
4.0,568.0,0.43872723,0.8125
4.0,569.0,0.40135124,0.796875
4.0,570.0,0.3180066,0.875
4.0,571.0,0.42678475,0.859375
4.0,572.0,0.36066046,0.84375
4.0,573.0,0.36509603,0.921875
4.0,574.0,0.34334236,0.859375
4.0,575.0,0.31636393,0.890625
4.0,576.0,0.34900254,0.84375
4.0,577.0,0.48649138,0.828125
4.0,578.0,0.43493712,0.796875
4.0,579.0,0.43547976,0.828125
4.0,580.0,0.39242223,0.890625
4.0,581.0,0.31901315,0.890625
4.0,582.0,0.3951393,0.859375
4.0,583.0,0.41173664,0.828125
4.0,584.0,0.44116715,0.828125
4.0,585.0,0.3836642,0.828125
4.0,586.0,0.29029462,0.890625
4.0,587.0,0.4008808,0.890625
4.0,588.0,0.32241735,0.859375
4.0,589.0,0.34349722,0.859375
4.0,590.0,0.33897594,0.875
4.0,591.0,0.36964968,0.875
4.0,592.0,0.37311253,0.84375
4.0,593.0,0.35711926,0.859375
4.0,594.0,0.44912967,0.765625
4.0,595.0,0.36940756,0.859375
4.0,596.0,0.43003905,0.765625
4.0,597.0,0.46954557,0.78125
4.0,598.0,0.32287613,0.859375
4.0,599.0,0.53001934,0.78125
4.0,600.0,0.43471992,0.8125
4.0,601.0,0.34804705,0.84375
4.0,602.0,0.4953775,0.75
4.0,603.0,0.4359729,0.8125
4.0,604.0,0.4267432,0.765625
4.0,605.0,0.58389926,0.75
4.0,606.0,0.42571843,0.8125
4.0,607.0,0.40435228,0.859375
4.0,608.0,0.44928962,0.8125
4.0,609.0,0.371152,0.796875
4.0,610.0,0.40062916,0.84375
4.0,611.0,0.4326128,0.796875
4.0,612.0,0.34385145,0.890625
4.0,613.0,0.36921588,0.828125
4.0,614.0,0.4130945,0.828125
4.0,615.0,0.34666932,0.859375
4.0,616.0,0.5006839,0.78125
4.0,617.0,0.37203184,0.859375
4.0,618.0,0.42231706,0.828125
4.0,619.0,0.36310717,0.828125
4.0,620.0,0.39410967,0.828125
4.0,621.0,0.47999352,0.78125
4.0,622.0,0.35432434,0.84375
4.0,623.0,0.40319982,0.8125
4.0,624.0,0.38352585,0.890625
4.0,625.0,0.43407995,0.796875
4.0,626.0,0.41030118,0.8125
4.0,627.0,0.46762335,0.78125
4.0,628.0,0.42240408,0.78125
4.0,629.0,0.49129668,0.78125
4.0,630.0,0.27833334,0.890625
4.0,631.0,0.4252578,0.828125
4.0,632.0,0.4220959,0.875
4.0,633.0,0.30124444,0.875
4.0,634.0,0.35837734,0.859375
4.0,635.0,0.32614547,0.90625
4.0,636.0,0.42489102,0.84375
4.0,637.0,0.41752923,0.796875
4.0,638.0,0.37403023,0.84375
4.0,639.0,0.5381991,0.703125
4.0,640.0,0.41956696,0.8125
4.0,641.0,0.36856794,0.875
4.0,642.0,0.41838193,0.828125
4.0,643.0,0.30111265,0.890625
4.0,644.0,0.38353193,0.828125
4.0,645.0,0.3415242,0.875
4.0,646.0,0.37577623,0.828125
4.0,647.0,0.34894627,0.84375
4.0,648.0,0.33505717,0.859375
4.0,649.0,0.4345346,0.78125
4.0,650.0,0.29664034,0.90625
4.0,651.0,0.46683067,0.84375
4.0,652.0,0.28132161,0.890625
4.0,653.0,0.3333084,0.859375
4.0,654.0,0.3746253,0.828125
4.0,655.0,0.2802663,0.921875
4.0,656.0,0.44581413,0.796875
4.0,657.0,0.3601885,0.890625
4.0,658.0,0.51930666,0.78125
4.0,659.0,0.40418935,0.8125
4.0,660.0,0.40041277,0.828125
4.0,661.0,0.29235137,0.921875
4.0,662.0,0.5135641,0.8125
4.0,663.0,0.41898742,0.796875
4.0,664.0,0.41147825,0.796875
4.0,665.0,0.43045753,0.828125
4.0,666.0,0.35404885,0.859375
4.0,667.0,0.45262885,0.75
4.0,668.0,0.3239936,0.90625
4.0,669.0,0.4355459,0.796875
4.0,670.0,0.35762793,0.875
4.0,671.0,0.43443963,0.8125
4.0,672.0,0.40331835,0.828125
4.0,673.0,0.43617913,0.78125
4.0,674.0,0.2630687,0.921875
4.0,675.0,0.4155924,0.828125
4.0,676.0,0.3578475,0.828125
4.0,677.0,0.43530297,0.796875
4.0,678.0,0.3971247,0.875
4.0,679.0,0.28962046,0.875
4.0,680.0,0.3068983,0.859375
4.0,681.0,0.4318639,0.78125
4.0,682.0,0.39649275,0.84375
4.0,683.0,0.3337344,0.875
4.0,684.0,0.45537725,0.796875
4.0,685.0,0.5433502,0.765625
4.0,686.0,0.24412921,0.90625
4.0,687.0,0.22958818,0.90625
4.0,688.0,0.3123083,0.890625
4.0,689.0,0.39821613,0.828125
4.0,690.0,0.37322947,0.828125
4.0,691.0,0.34613842,0.90625
4.0,692.0,0.30310684,0.921875
4.0,693.0,0.33866596,0.84375
4.0,694.0,0.35890493,0.859375
4.0,695.0,0.4064383,0.84375
4.0,696.0,0.5532696,0.765625
4.0,697.0,0.34993687,0.859375
4.0,698.0,0.36906895,0.875
4.0,699.0,0.39449963,0.859375
4.0,700.0,0.3857361,0.875
4.0,701.0,0.46168327,0.78125
4.0,702.0,0.48583525,0.75
4.0,703.0,0.47815648,0.8125
4.0,704.0,0.3101508,0.859375
4.0,705.0,0.3312824,0.875
4.0,706.0,0.4650693,0.8125
4.0,707.0,0.3609457,0.84375
4.0,708.0,0.385031,0.8125
4.0,709.0,0.37099078,0.84375
4.0,710.0,0.3249584,0.8125
4.0,711.0,0.4100085,0.828125
4.0,712.0,0.39482313,0.8125
4.0,713.0,0.32806653,0.859375
4.0,714.0,0.3781452,0.84375
4.0,715.0,0.2907398,0.84375
4.0,716.0,0.30042133,0.890625
4.0,717.0,0.33829468,0.90625
4.0,718.0,0.39048278,0.828125
4.0,719.0,0.5234873,0.8125
4.0,720.0,0.485481,0.78125
4.0,721.0,0.4558493,0.78125
4.0,722.0,0.47158194,0.796875
4.0,723.0,0.2844289,0.890625
4.0,724.0,0.42311537,0.828125
4.0,725.0,0.4524576,0.75
4.0,726.0,0.46095905,0.8125
4.0,727.0,0.51523674,0.75
4.0,728.0,0.32031113,0.859375
4.0,729.0,0.33348966,0.859375
4.0,730.0,0.47067645,0.75
4.0,731.0,0.29421782,0.84375
4.0,732.0,0.3701221,0.84375
4.0,733.0,0.39033487,0.921875
4.0,734.0,0.3785931,0.859375
4.0,735.0,0.44401228,0.78125
4.0,736.0,0.30758283,0.875
4.0,737.0,0.43437964,0.828125
4.0,738.0,0.2790508,0.9375
4.0,739.0,0.30473712,0.890625
4.0,740.0,0.39017427,0.859375
4.0,741.0,0.35418442,0.859375
4.0,742.0,0.52277154,0.765625
4.0,743.0,0.42717448,0.796875
4.0,744.0,0.45378527,0.828125
4.0,745.0,0.38159344,0.796875
4.0,746.0,0.38660932,0.84375
4.0,747.0,0.5017604,0.71875
4.0,748.0,0.2807837,0.890625
4.0,749.0,0.44896427,0.828125
4.0,750.0,0.529598,0.71875
4.0,751.0,0.42921457,0.84375
4.0,752.0,0.3408361,0.84375
5.0,753.0,0.43018207,0.796875
5.0,754.0,0.29746568,0.875
5.0,755.0,0.27642202,0.890625
5.0,756.0,0.43329334,0.75
5.0,757.0,0.4207942,0.78125
5.0,758.0,0.3502928,0.890625
5.0,759.0,0.32037464,0.859375
5.0,760.0,0.4714948,0.765625
5.0,761.0,0.47048768,0.78125
5.0,762.0,0.3645742,0.84375
5.0,763.0,0.35907206,0.828125
5.0,764.0,0.42797256,0.828125
5.0,765.0,0.45809412,0.828125
5.0,766.0,0.35650903,0.8125
5.0,767.0,0.3800716,0.8125
5.0,768.0,0.3803912,0.796875
5.0,769.0,0.3296602,0.890625
5.0,770.0,0.40119082,0.796875
5.0,771.0,0.38325092,0.8125
5.0,772.0,0.40566716,0.828125
5.0,773.0,0.31754225,0.859375
5.0,774.0,0.3869565,0.84375
5.0,775.0,0.4555924,0.8125
5.0,776.0,0.41689846,0.828125
5.0,777.0,0.4283553,0.78125
5.0,778.0,0.33753252,0.8125
5.0,779.0,0.38342375,0.828125
5.0,780.0,0.3326686,0.84375
5.0,781.0,0.3167321,0.859375
5.0,782.0,0.5096735,0.8125
5.0,783.0,0.4347599,0.875
5.0,784.0,0.38693285,0.84375
5.0,785.0,0.27760136,0.875
5.0,786.0,0.3903529,0.796875
5.0,787.0,0.38098612,0.8125
5.0,788.0,0.3805852,0.84375
5.0,789.0,0.37260982,0.84375
5.0,790.0,0.37317032,0.859375
5.0,791.0,0.44621992,0.75
5.0,792.0,0.32943755,0.828125
5.0,793.0,0.3871483,0.859375
5.0,794.0,0.43208116,0.8125
5.0,795.0,0.331264,0.875
5.0,796.0,0.38526362,0.84375
5.0,797.0,0.475426,0.78125
5.0,798.0,0.4077689,0.828125
5.0,799.0,0.4272542,0.796875
5.0,800.0,0.6236997,0.75
5.0,801.0,0.35456887,0.8125
5.0,802.0,0.40026832,0.828125
5.0,803.0,0.582625,0.78125
5.0,804.0,0.41904473,0.78125
5.0,805.0,0.36744392,0.859375
5.0,806.0,0.44626006,0.796875
5.0,807.0,0.26133153,0.90625
5.0,808.0,0.40601924,0.734375
5.0,809.0,0.4006178,0.859375
5.0,810.0,0.36740255,0.84375
5.0,811.0,0.25596744,0.921875
5.0,812.0,0.33783385,0.90625
5.0,813.0,0.3889489,0.875
5.0,814.0,0.45910248,0.84375
5.0,815.0,0.35043547,0.859375
5.0,816.0,0.31517103,0.890625
5.0,817.0,0.30936,0.859375
5.0,818.0,0.43538615,0.8125
5.0,819.0,0.37958962,0.796875
5.0,820.0,0.33857283,0.859375
5.0,821.0,0.37481013,0.859375
5.0,822.0,0.46823058,0.8125
5.0,823.0,0.28914824,0.890625
5.0,824.0,0.40921965,0.8125
5.0,825.0,0.4146963,0.828125
5.0,826.0,0.45594501,0.765625
5.0,827.0,0.3732437,0.859375
5.0,828.0,0.42161158,0.8125
5.0,829.0,0.482752,0.78125
5.0,830.0,0.527199,0.796875
5.0,831.0,0.4027106,0.875
5.0,832.0,0.33041567,0.84375
5.0,833.0,0.30320525,0.890625
5.0,834.0,0.42962098,0.828125
5.0,835.0,0.33653167,0.859375
5.0,836.0,0.37712112,0.8125
5.0,837.0,0.42101663,0.8125
5.0,838.0,0.39904904,0.796875
5.0,839.0,0.3714041,0.8125
5.0,840.0,0.3646217,0.859375
5.0,841.0,0.22937138,0.921875
5.0,842.0,0.46194384,0.765625
5.0,843.0,0.40498134,0.828125
5.0,844.0,0.3411444,0.828125
5.0,845.0,0.4551808,0.75
5.0,846.0,0.39384115,0.78125
5.0,847.0,0.31138712,0.90625
5.0,848.0,0.3323297,0.84375
5.0,849.0,0.272407,0.890625
5.0,850.0,0.46585655,0.78125
5.0,851.0,0.27808747,0.90625
5.0,852.0,0.47290263,0.84375
5.0,853.0,0.38116908,0.890625
5.0,854.0,0.5565765,0.75
5.0,855.0,0.47401464,0.796875
5.0,856.0,0.31074744,0.890625
5.0,857.0,0.4400916,0.78125
5.0,858.0,0.28430852,0.859375
5.0,859.0,0.29065514,0.890625
5.0,860.0,0.28084207,0.890625
5.0,861.0,0.31299537,0.875
5.0,862.0,0.3657555,0.8125
5.0,863.0,0.30738655,0.875
5.0,864.0,0.3802658,0.8125
5.0,865.0,0.32140994,0.875
5.0,866.0,0.32165432,0.875
5.0,867.0,0.43938717,0.75
5.0,868.0,0.60034275,0.734375
5.0,869.0,0.32445973,0.90625
5.0,870.0,0.44928652,0.828125
5.0,871.0,0.33648172,0.859375
5.0,872.0,0.33711547,0.875
5.0,873.0,0.4495011,0.8125
5.0,874.0,0.46519682,0.765625
5.0,875.0,0.39836013,0.84375
5.0,876.0,0.39974526,0.8125
5.0,877.0,0.38267025,0.859375
5.0,878.0,0.34115517,0.84375
5.0,879.0,0.48086327,0.8125
5.0,880.0,0.4090662,0.828125
5.0,881.0,0.2500556,0.9375
5.0,882.0,0.33801186,0.859375
5.0,883.0,0.4669866,0.765625
5.0,884.0,0.47821784,0.796875
5.0,885.0,0.37641522,0.8125
5.0,886.0,0.36094752,0.859375
5.0,887.0,0.36237928,0.875
5.0,888.0,0.49044725,0.765625
5.0,889.0,0.38736722,0.8125
5.0,890.0,0.32250097,0.875
5.0,891.0,0.41386345,0.796875
5.0,892.0,0.3511784,0.828125
5.0,893.0,0.4003514,0.8125
5.0,894.0,0.30002606,0.875
5.0,895.0,0.3661841,0.828125
5.0,896.0,0.35583225,0.90625
5.0,897.0,0.28684184,0.921875
5.0,898.0,0.39273852,0.796875
5.0,899.0,0.32293954,0.859375
5.0,900.0,0.28295237,0.9375
5.0,901.0,0.4560963,0.859375
5.0,902.0,0.36898816,0.828125
5.0,903.0,0.30860183,0.875
5.0,904.0,0.27913845,0.9375
5.0,905.0,0.37994224,0.859375
5.0,906.0,0.3248876,0.90625
5.0,907.0,0.35756463,0.84375
5.0,908.0,0.3692956,0.828125
5.0,909.0,0.3942764,0.859375
5.0,910.0,0.3454168,0.859375
5.0,911.0,0.33815688,0.84375
5.0,912.0,0.31144834,0.875
5.0,913.0,0.41831473,0.765625
5.0,914.0,0.33326623,0.859375
5.0,915.0,0.4113043,0.84375
5.0,916.0,0.40626812,0.828125
5.0,917.0,0.3344841,0.84375
5.0,918.0,0.42025542,0.75
5.0,919.0,0.32096556,0.875
5.0,920.0,0.45045578,0.78125
5.0,921.0,0.34467646,0.890625
5.0,922.0,0.4133701,0.828125
5.0,923.0,0.43508667,0.828125
5.0,924.0,0.3258278,0.8125
5.0,925.0,0.39605626,0.796875
5.0,926.0,0.34135017,0.859375
5.0,927.0,0.37202686,0.828125
5.0,928.0,0.26727661,0.921875
5.0,929.0,0.29889324,0.890625
5.0,930.0,0.36977333,0.859375
5.0,931.0,0.35939685,0.84375
5.0,932.0,0.32243955,0.875
5.0,933.0,0.34943047,0.875
5.0,934.0,0.30069923,0.890625
5.0,935.0,0.43067172,0.8125
5.0,936.0,0.35455358,0.875
5.0,937.0,0.34966296,0.84375
5.0,938.0,0.33075538,0.859375
5.0,939.0,0.48663032,0.734375
5.0,940.0,0.41517997,0.90625
6.0,941.0,0.4109122,0.828125
6.0,942.0,0.3888072,0.8125
6.0,943.0,0.3176606,0.859375
6.0,944.0,0.28741562,0.90625
6.0,945.0,0.40013802,0.828125
6.0,946.0,0.4232419,0.796875
6.0,947.0,0.36140937,0.8125
6.0,948.0,0.40207255,0.8125
6.0,949.0,0.39537722,0.828125
6.0,950.0,0.34924528,0.859375
6.0,951.0,0.4073652,0.8125
6.0,952.0,0.36733276,0.859375
6.0,953.0,0.27692196,0.90625
6.0,954.0,0.34879208,0.84375
6.0,955.0,0.4371876,0.796875
6.0,956.0,0.27343407,0.875
6.0,957.0,0.26078004,0.921875
6.0,958.0,0.4012134,0.890625
6.0,959.0,0.2628479,0.90625
6.0,960.0,0.43867815,0.796875
6.0,961.0,0.40175152,0.8125
6.0,962.0,0.2952728,0.84375
6.0,963.0,0.2918984,0.875
6.0,964.0,0.33511612,0.859375
6.0,965.0,0.41003725,0.859375
6.0,966.0,0.430069,0.8125
6.0,967.0,0.37337133,0.828125
6.0,968.0,0.3171076,0.859375
6.0,969.0,0.2720126,0.890625
6.0,970.0,0.40887317,0.796875
6.0,971.0,0.36387336,0.796875
6.0,972.0,0.3816951,0.828125
6.0,973.0,0.29513925,0.90625
6.0,974.0,0.3681188,0.84375
6.0,975.0,0.31398892,0.84375
6.0,976.0,0.31293285,0.859375
6.0,977.0,0.37928468,0.859375
6.0,978.0,0.45962903,0.796875
6.0,979.0,0.2419834,0.953125
6.0,980.0,0.40539002,0.796875
6.0,981.0,0.37083453,0.859375
6.0,982.0,0.3970261,0.828125
6.0,983.0,0.40070236,0.828125
6.0,984.0,0.3064561,0.875
6.0,985.0,0.33851135,0.921875
6.0,986.0,0.4515226,0.796875
6.0,987.0,0.29327118,0.859375
6.0,988.0,0.32020354,0.875
6.0,989.0,0.47972095,0.84375
6.0,990.0,0.5381401,0.734375
6.0,991.0,0.31527197,0.84375
6.0,992.0,0.50132173,0.765625
6.0,993.0,0.3672565,0.828125
6.0,994.0,0.45941252,0.765625
6.0,995.0,0.40307587,0.84375
6.0,996.0,0.4230674,0.828125
6.0,997.0,0.40715355,0.84375
6.0,998.0,0.33578193,0.84375
6.0,999.0,0.37268233,0.84375
6.0,1000.0,0.4373845,0.8125
6.0,1001.0,0.45499396,0.75
6.0,1002.0,0.30724743,0.890625
6.0,1003.0,0.3114975,0.859375
6.0,1004.0,0.48438907,0.796875
6.0,1005.0,0.36131844,0.84375
6.0,1006.0,0.3539497,0.875
6.0,1007.0,0.3221958,0.875
6.0,1008.0,0.2927186,0.875
6.0,1009.0,0.33799872,0.90625
6.0,1010.0,0.2963493,0.921875
6.0,1011.0,0.36120155,0.84375
6.0,1012.0,0.49664152,0.71875
6.0,1013.0,0.31546974,0.890625
6.0,1014.0,0.33823267,0.8125
6.0,1015.0,0.45995972,0.796875
6.0,1016.0,0.35300878,0.90625
6.0,1017.0,0.37412047,0.84375
6.0,1018.0,0.26948157,0.921875
6.0,1019.0,0.3488856,0.84375
6.0,1020.0,0.36476734,0.828125
6.0,1021.0,0.48510188,0.84375
6.0,1022.0,0.37237307,0.859375
6.0,1023.0,0.37219876,0.828125
6.0,1024.0,0.4621186,0.828125
6.0,1025.0,0.33321384,0.84375
6.0,1026.0,0.459046,0.828125
6.0,1027.0,0.3024279,0.875
6.0,1028.0,0.34445402,0.859375
6.0,1029.0,0.34185845,0.875
6.0,1030.0,0.46882394,0.796875
6.0,1031.0,0.35465285,0.828125
6.0,1032.0,0.29104525,0.90625
6.0,1033.0,0.37571192,0.8125
6.0,1034.0,0.29616824,0.875
6.0,1035.0,0.4333266,0.8125
6.0,1036.0,0.3697825,0.828125
6.0,1037.0,0.2755821,0.953125
6.0,1038.0,0.42553365,0.84375
6.0,1039.0,0.2996933,0.890625
6.0,1040.0,0.21898268,0.921875
6.0,1041.0,0.39700198,0.8125
6.0,1042.0,0.42232496,0.828125
6.0,1043.0,0.2935344,0.859375
6.0,1044.0,0.37296498,0.859375
6.0,1045.0,0.3578532,0.875
6.0,1046.0,0.3777465,0.859375
6.0,1047.0,0.2993898,0.875
6.0,1048.0,0.3057258,0.875
6.0,1049.0,0.37980554,0.8125
6.0,1050.0,0.50126946,0.8125
6.0,1051.0,0.3686017,0.859375
6.0,1052.0,0.37802818,0.78125
6.0,1053.0,0.4087779,0.8125
6.0,1054.0,0.4911796,0.765625
6.0,1055.0,0.42817253,0.84375
6.0,1056.0,0.3315239,0.875
6.0,1057.0,0.3549311,0.875
6.0,1058.0,0.37088484,0.828125
6.0,1059.0,0.311442,0.875
6.0,1060.0,0.30778837,0.84375
6.0,1061.0,0.37887505,0.828125
6.0,1062.0,0.43259898,0.796875
6.0,1063.0,0.28179586,0.875
6.0,1064.0,0.44194162,0.765625
6.0,1065.0,0.44779062,0.765625
6.0,1066.0,0.37526247,0.8125
6.0,1067.0,0.42315474,0.84375
6.0,1068.0,0.30532876,0.84375
6.0,1069.0,0.43087295,0.78125
6.0,1070.0,0.2986384,0.890625
6.0,1071.0,0.25955608,0.9375
6.0,1072.0,0.43834075,0.828125
6.0,1073.0,0.44141206,0.8125
6.0,1074.0,0.4781691,0.859375
6.0,1075.0,0.41955915,0.78125
6.0,1076.0,0.33682626,0.875
6.0,1077.0,0.37315243,0.828125
6.0,1078.0,0.37549266,0.921875
6.0,1079.0,0.3307688,0.90625
6.0,1080.0,0.34490794,0.875
6.0,1081.0,0.38870245,0.796875
6.0,1082.0,0.306528,0.8125
6.0,1083.0,0.29915482,0.90625
6.0,1084.0,0.27529693,0.921875
6.0,1085.0,0.3015152,0.84375
6.0,1086.0,0.520611,0.796875
6.0,1087.0,0.29160175,0.90625
6.0,1088.0,0.3256303,0.859375
6.0,1089.0,0.41915867,0.796875
6.0,1090.0,0.382168,0.859375
6.0,1091.0,0.34758192,0.875
6.0,1092.0,0.3709956,0.859375
6.0,1093.0,0.49380612,0.75
6.0,1094.0,0.42251262,0.859375
6.0,1095.0,0.39515477,0.859375
6.0,1096.0,0.4095517,0.8125
6.0,1097.0,0.5826455,0.734375
6.0,1098.0,0.3899182,0.890625
6.0,1099.0,0.41060096,0.875
6.0,1100.0,0.32893226,0.890625
6.0,1101.0,0.27046782,0.890625
6.0,1102.0,0.3847919,0.796875
6.0,1103.0,0.3178932,0.890625
6.0,1104.0,0.5114851,0.78125
6.0,1105.0,0.30601427,0.875
6.0,1106.0,0.3343879,0.84375
6.0,1107.0,0.3055503,0.875
6.0,1108.0,0.40542355,0.78125
6.0,1109.0,0.49951306,0.75
6.0,1110.0,0.41356227,0.8125
6.0,1111.0,0.5191215,0.8125
6.0,1112.0,0.36694202,0.84375
6.0,1113.0,0.3667639,0.828125
6.0,1114.0,0.40734482,0.84375
6.0,1115.0,0.37258264,0.828125
6.0,1116.0,0.3950708,0.84375
6.0,1117.0,0.44547704,0.828125
6.0,1118.0,0.3996384,0.796875
6.0,1119.0,0.45072445,0.8125
6.0,1120.0,0.361818,0.84375
6.0,1121.0,0.38617468,0.828125
6.0,1122.0,0.3253715,0.84375
6.0,1123.0,0.34525162,0.859375
6.0,1124.0,0.4034315,0.828125
6.0,1125.0,0.31657916,0.859375
6.0,1126.0,0.4649616,0.84375
6.0,1127.0,0.2647162,0.890625
6.0,1128.0,0.408212,0.8125
7.0,1129.0,0.32358032,0.859375
7.0,1130.0,0.47489497,0.796875
7.0,1131.0,0.3607601,0.859375
7.0,1132.0,0.2958668,0.875
7.0,1133.0,0.3953661,0.84375
7.0,1134.0,0.3288237,0.8125
7.0,1135.0,0.29731607,0.921875
7.0,1136.0,0.35078377,0.859375
7.0,1137.0,0.33324963,0.90625
7.0,1138.0,0.3651364,0.828125
7.0,1139.0,0.38958573,0.875
7.0,1140.0,0.35075998,0.890625
7.0,1141.0,0.4281342,0.859375
7.0,1142.0,0.5501293,0.8125
7.0,1143.0,0.2996835,0.84375
7.0,1144.0,0.31557634,0.921875
7.0,1145.0,0.32858467,0.859375
7.0,1146.0,0.3649695,0.8125
7.0,1147.0,0.25035492,0.875
7.0,1148.0,0.38187534,0.828125
7.0,1149.0,0.2436436,0.890625
7.0,1150.0,0.37150383,0.828125
7.0,1151.0,0.31612545,0.890625
7.0,1152.0,0.33846962,0.875
7.0,1153.0,0.5097858,0.796875
7.0,1154.0,0.3108306,0.90625
7.0,1155.0,0.3089552,0.9375
7.0,1156.0,0.2886082,0.890625
7.0,1157.0,0.3265415,0.875
7.0,1158.0,0.41176057,0.828125
7.0,1159.0,0.43738633,0.75
7.0,1160.0,0.36196977,0.859375
7.0,1161.0,0.3446487,0.84375
7.0,1162.0,0.36034948,0.796875
7.0,1163.0,0.4112818,0.796875
7.0,1164.0,0.32373437,0.90625
7.0,1165.0,0.35313603,0.84375
7.0,1166.0,0.53095937,0.765625
7.0,1167.0,0.35997608,0.859375
7.0,1168.0,0.43569487,0.84375
7.0,1169.0,0.38867918,0.8125
7.0,1170.0,0.32053867,0.90625
7.0,1171.0,0.43523607,0.796875
7.0,1172.0,0.30671823,0.84375
7.0,1173.0,0.32685402,0.859375
7.0,1174.0,0.36897472,0.828125
7.0,1175.0,0.3415612,0.890625
7.0,1176.0,0.44739708,0.8125
7.0,1177.0,0.48649776,0.78125
7.0,1178.0,0.33442512,0.859375
7.0,1179.0,0.48043945,0.78125
7.0,1180.0,0.41893014,0.78125
7.0,1181.0,0.4084665,0.859375
7.0,1182.0,0.33185878,0.8125
7.0,1183.0,0.31812933,0.875
7.0,1184.0,0.38984907,0.84375
7.0,1185.0,0.3830462,0.84375
7.0,1186.0,0.4257695,0.828125
7.0,1187.0,0.31540883,0.859375
7.0,1188.0,0.35397494,0.875
7.0,1189.0,0.3280873,0.890625
7.0,1190.0,0.42423698,0.78125
7.0,1191.0,0.47067305,0.84375
7.0,1192.0,0.34197903,0.84375
7.0,1193.0,0.35180193,0.84375
7.0,1194.0,0.34164727,0.859375
7.0,1195.0,0.3335854,0.859375
7.0,1196.0,0.37482366,0.859375
7.0,1197.0,0.413178,0.796875
7.0,1198.0,0.43784407,0.84375
7.0,1199.0,0.3835631,0.828125
7.0,1200.0,0.55286384,0.75
7.0,1201.0,0.25504425,0.90625
7.0,1202.0,0.36896133,0.84375
7.0,1203.0,0.391527,0.84375
7.0,1204.0,0.37201688,0.84375
7.0,1205.0,0.3852493,0.875
7.0,1206.0,0.50660944,0.765625
7.0,1207.0,0.41141102,0.796875
7.0,1208.0,0.34540945,0.890625
7.0,1209.0,0.29186332,0.90625
7.0,1210.0,0.39365426,0.84375
7.0,1211.0,0.42114466,0.796875
7.0,1212.0,0.34864074,0.8125
7.0,1213.0,0.37615266,0.828125
7.0,1214.0,0.25989357,0.90625
7.0,1215.0,0.26521036,0.875
7.0,1216.0,0.36681855,0.828125
7.0,1217.0,0.42135012,0.78125
7.0,1218.0,0.35251078,0.875
7.0,1219.0,0.30690894,0.890625
7.0,1220.0,0.39471862,0.84375
7.0,1221.0,0.2800952,0.859375
7.0,1222.0,0.24637683,0.890625
7.0,1223.0,0.2770236,0.875
7.0,1224.0,0.29565024,0.875
7.0,1225.0,0.44169495,0.75
7.0,1226.0,0.36388415,0.828125
7.0,1227.0,0.41055584,0.828125
7.0,1228.0,0.4445759,0.796875
7.0,1229.0,0.33917475,0.875
7.0,1230.0,0.31469986,0.90625
7.0,1231.0,0.4022885,0.828125
7.0,1232.0,0.36025232,0.859375
7.0,1233.0,0.32542336,0.890625
7.0,1234.0,0.3760471,0.796875
7.0,1235.0,0.48542607,0.796875
7.0,1236.0,0.3269893,0.828125
7.0,1237.0,0.35566762,0.8125
7.0,1238.0,0.44266233,0.859375
7.0,1239.0,0.4313366,0.78125
7.0,1240.0,0.3394968,0.875
7.0,1241.0,0.3191666,0.84375
7.0,1242.0,0.24521856,0.90625
7.0,1243.0,0.33590388,0.890625
7.0,1244.0,0.3405129,0.890625
7.0,1245.0,0.30980313,0.921875
7.0,1246.0,0.31311873,0.921875
7.0,1247.0,0.390889,0.828125
7.0,1248.0,0.34867635,0.84375
7.0,1249.0,0.26899388,0.890625
7.0,1250.0,0.41639227,0.796875
7.0,1251.0,0.35083142,0.875
7.0,1252.0,0.41516507,0.8125
7.0,1253.0,0.2877223,0.875
7.0,1254.0,0.31692567,0.890625
7.0,1255.0,0.35595956,0.828125
7.0,1256.0,0.37464997,0.859375
7.0,1257.0,0.3006615,0.90625
7.0,1258.0,0.4104534,0.8125
7.0,1259.0,0.41127953,0.84375
7.0,1260.0,0.3199695,0.90625
7.0,1261.0,0.44720367,0.75
7.0,1262.0,0.37312213,0.84375
7.0,1263.0,0.2827036,0.921875
7.0,1264.0,0.31085968,0.890625
7.0,1265.0,0.35967994,0.8125
7.0,1266.0,0.30032867,0.875
7.0,1267.0,0.31188568,0.859375
7.0,1268.0,0.5012199,0.8125
7.0,1269.0,0.4407787,0.84375
7.0,1270.0,0.3026686,0.875
7.0,1271.0,0.49164173,0.78125
7.0,1272.0,0.3832398,0.875
7.0,1273.0,0.32233378,0.890625
7.0,1274.0,0.35645413,0.828125
7.0,1275.0,0.36506522,0.828125
7.0,1276.0,0.3136549,0.859375
7.0,1277.0,0.37892994,0.890625
7.0,1278.0,0.33307186,0.859375
7.0,1279.0,0.34982353,0.859375
7.0,1280.0,0.49437186,0.78125
7.0,1281.0,0.37123108,0.84375
7.0,1282.0,0.3368397,0.90625
7.0,1283.0,0.29426217,0.875
7.0,1284.0,0.4047304,0.796875
7.0,1285.0,0.27619153,0.90625
7.0,1286.0,0.33803776,0.84375
7.0,1287.0,0.45895064,0.8125
7.0,1288.0,0.45704463,0.828125
7.0,1289.0,0.40623894,0.796875
7.0,1290.0,0.37680218,0.859375
7.0,1291.0,0.33335513,0.890625
7.0,1292.0,0.23397218,0.921875
7.0,1293.0,0.35785228,0.84375
7.0,1294.0,0.39969245,0.875
7.0,1295.0,0.49628484,0.796875
7.0,1296.0,0.41658115,0.796875
7.0,1297.0,0.2974219,0.890625
7.0,1298.0,0.33461714,0.890625
7.0,1299.0,0.27510604,0.90625
7.0,1300.0,0.320898,0.859375
7.0,1301.0,0.26409924,0.890625
7.0,1302.0,0.33036724,0.875
7.0,1303.0,0.38223594,0.84375
7.0,1304.0,0.26616904,0.890625
7.0,1305.0,0.25690684,0.9375
7.0,1306.0,0.4604863,0.765625
7.0,1307.0,0.3872335,0.828125
7.0,1308.0,0.34928146,0.828125
7.0,1309.0,0.29259625,0.859375
7.0,1310.0,0.3355678,0.84375
7.0,1311.0,0.42306197,0.765625
7.0,1312.0,0.5152141,0.765625
7.0,1313.0,0.37309864,0.859375
7.0,1314.0,0.4266311,0.859375
7.0,1315.0,0.40878314,0.84375
7.0,1316.0,0.4683311,0.84375
8.0,1317.0,0.38386953,0.875
8.0,1318.0,0.34783992,0.859375
8.0,1319.0,0.30055103,0.84375
8.0,1320.0,0.3333518,0.8125
8.0,1321.0,0.2837994,0.859375
8.0,1322.0,0.41939422,0.859375
8.0,1323.0,0.32046944,0.84375
8.0,1324.0,0.3699788,0.8125
8.0,1325.0,0.32188928,0.8125
8.0,1326.0,0.52121586,0.71875
8.0,1327.0,0.3881764,0.8125
8.0,1328.0,0.3328844,0.84375
8.0,1329.0,0.30664954,0.828125
8.0,1330.0,0.3630962,0.875
8.0,1331.0,0.315678,0.875
8.0,1332.0,0.2648178,0.90625
8.0,1333.0,0.35911497,0.828125
8.0,1334.0,0.36353,0.84375
8.0,1335.0,0.3403217,0.890625
8.0,1336.0,0.31211045,0.890625
8.0,1337.0,0.46766046,0.765625
8.0,1338.0,0.371812,0.859375
8.0,1339.0,0.40153304,0.84375
8.0,1340.0,0.3850533,0.8125
8.0,1341.0,0.32205856,0.859375
8.0,1342.0,0.4244079,0.796875
8.0,1343.0,0.388711,0.84375
8.0,1344.0,0.41260082,0.84375
8.0,1345.0,0.41349143,0.75
8.0,1346.0,0.37609297,0.84375
8.0,1347.0,0.43461534,0.796875
8.0,1348.0,0.37096038,0.875
8.0,1349.0,0.35194027,0.875
8.0,1350.0,0.34862685,0.890625
8.0,1351.0,0.39802262,0.84375
8.0,1352.0,0.36130235,0.8125
8.0,1353.0,0.43258917,0.78125
8.0,1354.0,0.33268425,0.859375
8.0,1355.0,0.465223,0.796875
8.0,1356.0,0.29490703,0.953125
8.0,1357.0,0.2654917,0.875
8.0,1358.0,0.43444198,0.859375
8.0,1359.0,0.312383,0.875
8.0,1360.0,0.35990044,0.859375
8.0,1361.0,0.27443528,0.890625
8.0,1362.0,0.38947406,0.84375
8.0,1363.0,0.4371471,0.796875
8.0,1364.0,0.3330072,0.796875
8.0,1365.0,0.32710135,0.890625
8.0,1366.0,0.32475153,0.890625
8.0,1367.0,0.34266853,0.828125
8.0,1368.0,0.3597606,0.859375
8.0,1369.0,0.38126457,0.8125
8.0,1370.0,0.34687757,0.890625
8.0,1371.0,0.47412533,0.78125
8.0,1372.0,0.29740483,0.890625
8.0,1373.0,0.43954065,0.84375
8.0,1374.0,0.46519658,0.796875
8.0,1375.0,0.36243573,0.859375
8.0,1376.0,0.33214703,0.859375
8.0,1377.0,0.4123768,0.796875
8.0,1378.0,0.3666218,0.84375
8.0,1379.0,0.37655374,0.8125
8.0,1380.0,0.3346059,0.859375
8.0,1381.0,0.36214605,0.828125
8.0,1382.0,0.40727356,0.796875
8.0,1383.0,0.37587616,0.875
8.0,1384.0,0.31698385,0.875
8.0,1385.0,0.32402915,0.890625
8.0,1386.0,0.32712033,0.8125
8.0,1387.0,0.25414824,0.921875
8.0,1388.0,0.35535216,0.828125
8.0,1389.0,0.5474831,0.65625
8.0,1390.0,0.34704405,0.875
8.0,1391.0,0.41949221,0.796875
8.0,1392.0,0.38748708,0.8125
8.0,1393.0,0.30420756,0.890625
8.0,1394.0,0.34468666,0.859375
8.0,1395.0,0.28496578,0.859375
8.0,1396.0,0.3646706,0.84375
8.0,1397.0,0.34368291,0.796875
8.0,1398.0,0.41684505,0.78125
8.0,1399.0,0.27978086,0.890625
8.0,1400.0,0.35033855,0.875
8.0,1401.0,0.4006524,0.828125
8.0,1402.0,0.28512627,0.890625
8.0,1403.0,0.35062015,0.84375
8.0,1404.0,0.39160076,0.84375
8.0,1405.0,0.32476676,0.859375
8.0,1406.0,0.3927615,0.84375
8.0,1407.0,0.5340685,0.765625
8.0,1408.0,0.35711485,0.828125
8.0,1409.0,0.38023564,0.75
8.0,1410.0,0.427313,0.859375
8.0,1411.0,0.35872847,0.859375
8.0,1412.0,0.35927832,0.859375
8.0,1413.0,0.5174562,0.75
8.0,1414.0,0.38956434,0.84375
8.0,1415.0,0.4554904,0.765625
8.0,1416.0,0.34838402,0.828125
8.0,1417.0,0.29545274,0.90625
8.0,1418.0,0.33993742,0.90625
8.0,1419.0,0.31591424,0.890625
8.0,1420.0,0.35648292,0.8125
8.0,1421.0,0.31831935,0.875
8.0,1422.0,0.5324423,0.703125
8.0,1423.0,0.3690901,0.859375
8.0,1424.0,0.3050185,0.828125
8.0,1425.0,0.3248372,0.875
8.0,1426.0,0.28113037,0.921875
8.0,1427.0,0.33661148,0.84375
8.0,1428.0,0.401058,0.765625
8.0,1429.0,0.38083333,0.875
8.0,1430.0,0.37589467,0.84375
8.0,1431.0,0.27317607,0.890625
8.0,1432.0,0.3004448,0.890625
8.0,1433.0,0.27376604,0.875
8.0,1434.0,0.41166148,0.796875
8.0,1435.0,0.34804446,0.875
8.0,1436.0,0.35868266,0.84375
8.0,1437.0,0.40001637,0.8125
8.0,1438.0,0.3158034,0.84375
8.0,1439.0,0.2703972,0.875
8.0,1440.0,0.3044565,0.921875
8.0,1441.0,0.35337055,0.859375
8.0,1442.0,0.3746836,0.828125
8.0,1443.0,0.37738016,0.8125
8.0,1444.0,0.26254094,0.90625
8.0,1445.0,0.4242809,0.84375
8.0,1446.0,0.45587942,0.84375
8.0,1447.0,0.34592018,0.859375
8.0,1448.0,0.3296148,0.890625
8.0,1449.0,0.40888432,0.8125
8.0,1450.0,0.3552865,0.84375
8.0,1451.0,0.35094517,0.84375
8.0,1452.0,0.3727432,0.828125
8.0,1453.0,0.295401,0.90625
8.0,1454.0,0.36314192,0.828125
8.0,1455.0,0.3524541,0.859375
8.0,1456.0,0.2717675,0.9375
8.0,1457.0,0.47825038,0.796875
8.0,1458.0,0.33869985,0.90625
8.0,1459.0,0.37965783,0.84375
8.0,1460.0,0.337345,0.875
8.0,1461.0,0.39607498,0.78125
8.0,1462.0,0.3449456,0.890625
8.0,1463.0,0.3590399,0.828125
8.0,1464.0,0.49755305,0.75
8.0,1465.0,0.54131967,0.828125
8.0,1466.0,0.3407917,0.84375
8.0,1467.0,0.26713985,0.953125
8.0,1468.0,0.31825024,0.890625
8.0,1469.0,0.2868104,0.921875
8.0,1470.0,0.3069351,0.90625
8.0,1471.0,0.39705887,0.90625
8.0,1472.0,0.2279174,0.953125
8.0,1473.0,0.39220372,0.84375
8.0,1474.0,0.4020065,0.796875
8.0,1475.0,0.38679674,0.8125
8.0,1476.0,0.29536015,0.859375
8.0,1477.0,0.3888907,0.8125
8.0,1478.0,0.2889964,0.875
8.0,1479.0,0.28779337,0.921875
8.0,1480.0,0.41892144,0.78125
8.0,1481.0,0.2948024,0.90625
8.0,1482.0,0.4318087,0.796875
8.0,1483.0,0.2765111,0.890625
8.0,1484.0,0.28234747,0.90625
8.0,1485.0,0.34120288,0.84375
8.0,1486.0,0.43091217,0.8125
8.0,1487.0,0.3621008,0.84375
8.0,1488.0,0.36345935,0.828125
8.0,1489.0,0.3559376,0.828125
8.0,1490.0,0.33627805,0.859375
8.0,1491.0,0.35333285,0.84375
8.0,1492.0,0.35472482,0.859375
8.0,1493.0,0.35436082,0.828125
8.0,1494.0,0.38371113,0.828125
8.0,1495.0,0.37992898,0.890625
8.0,1496.0,0.40374988,0.78125
8.0,1497.0,0.40932846,0.875
8.0,1498.0,0.40588284,0.84375
8.0,1499.0,0.3752658,0.8125
8.0,1500.0,0.47322506,0.796875
8.0,1501.0,0.41102594,0.796875
8.0,1502.0,0.40473664,0.8125
8.0,1503.0,0.35062727,0.90625
8.0,1504.0,0.32923946,0.90625
9.0,1505.0,0.4013413,0.828125
9.0,1506.0,0.25367993,0.90625
9.0,1507.0,0.3897192,0.8125
9.0,1508.0,0.3775262,0.859375
9.0,1509.0,0.31592926,0.890625
9.0,1510.0,0.30098376,0.921875
9.0,1511.0,0.35834673,0.875
9.0,1512.0,0.22949396,0.90625
9.0,1513.0,0.30565152,0.90625
9.0,1514.0,0.30626246,0.890625
9.0,1515.0,0.29321182,0.921875
9.0,1516.0,0.3843636,0.859375
9.0,1517.0,0.44375366,0.828125
9.0,1518.0,0.24263069,0.890625
9.0,1519.0,0.39634216,0.875
9.0,1520.0,0.35978848,0.796875
9.0,1521.0,0.36334017,0.875
9.0,1522.0,0.28994146,0.875
9.0,1523.0,0.5167916,0.78125
9.0,1524.0,0.39646652,0.78125
9.0,1525.0,0.32265794,0.859375
9.0,1526.0,0.37258556,0.8125
9.0,1527.0,0.3847447,0.796875
9.0,1528.0,0.46938393,0.78125
9.0,1529.0,0.42284727,0.828125
9.0,1530.0,0.48075226,0.734375
9.0,1531.0,0.40790704,0.828125
9.0,1532.0,0.26924053,0.859375
9.0,1533.0,0.41853446,0.8125
9.0,1534.0,0.36821297,0.828125
9.0,1535.0,0.38436523,0.84375
9.0,1536.0,0.43809876,0.84375
9.0,1537.0,0.30882668,0.859375
9.0,1538.0,0.36837885,0.828125
9.0,1539.0,0.2588406,0.921875
9.0,1540.0,0.30172893,0.875
9.0,1541.0,0.30313376,0.859375
9.0,1542.0,0.4263498,0.84375
9.0,1543.0,0.33595195,0.90625
9.0,1544.0,0.28244415,0.890625
9.0,1545.0,0.3630029,0.875
9.0,1546.0,0.36368164,0.84375
9.0,1547.0,0.35473615,0.828125
9.0,1548.0,0.35412323,0.8125
9.0,1549.0,0.36433938,0.859375
9.0,1550.0,0.44237092,0.828125
9.0,1551.0,0.3335568,0.84375
9.0,1552.0,0.40177262,0.796875
9.0,1553.0,0.5372762,0.796875
9.0,1554.0,0.25905675,0.890625
9.0,1555.0,0.31321967,0.84375
9.0,1556.0,0.40988183,0.78125
9.0,1557.0,0.32834426,0.8125
9.0,1558.0,0.23692602,0.90625
9.0,1559.0,0.2682118,0.9375
9.0,1560.0,0.41425097,0.828125
9.0,1561.0,0.34304592,0.828125
9.0,1562.0,0.23745526,0.9375
9.0,1563.0,0.42805916,0.828125
9.0,1564.0,0.2888885,0.890625
9.0,1565.0,0.38524064,0.8125
9.0,1566.0,0.3822279,0.828125
9.0,1567.0,0.33843353,0.859375
9.0,1568.0,0.42538553,0.84375
9.0,1569.0,0.29055822,0.90625
9.0,1570.0,0.48900086,0.78125
9.0,1571.0,0.32209018,0.859375
9.0,1572.0,0.38259256,0.796875
9.0,1573.0,0.33660862,0.84375
9.0,1574.0,0.3549619,0.84375
9.0,1575.0,0.32538983,0.859375
9.0,1576.0,0.5017316,0.765625
9.0,1577.0,0.37936696,0.84375
9.0,1578.0,0.3220221,0.90625
9.0,1579.0,0.30620906,0.890625
9.0,1580.0,0.4214486,0.875
9.0,1581.0,0.34274754,0.859375
9.0,1582.0,0.34589508,0.859375
9.0,1583.0,0.3395901,0.84375
9.0,1584.0,0.32681802,0.890625
9.0,1585.0,0.32829297,0.875
9.0,1586.0,0.5098216,0.8125
9.0,1587.0,0.2698791,0.9375
9.0,1588.0,0.3823502,0.8125
9.0,1589.0,0.41019353,0.859375
9.0,1590.0,0.39875886,0.859375
9.0,1591.0,0.34759915,0.875
9.0,1592.0,0.31927237,0.84375
9.0,1593.0,0.36894432,0.828125
9.0,1594.0,0.31881925,0.84375
9.0,1595.0,0.40444767,0.84375
9.0,1596.0,0.31475595,0.859375
9.0,1597.0,0.2754336,0.890625
9.0,1598.0,0.3170158,0.890625
9.0,1599.0,0.34257722,0.84375
9.0,1600.0,0.33860224,0.8125
9.0,1601.0,0.45002836,0.765625
9.0,1602.0,0.3393299,0.90625
9.0,1603.0,0.2746141,0.890625
9.0,1604.0,0.3457223,0.859375
9.0,1605.0,0.36878765,0.84375
9.0,1606.0,0.31028017,0.90625
9.0,1607.0,0.40416265,0.84375
9.0,1608.0,0.36898333,0.890625
9.0,1609.0,0.2950273,0.859375
9.0,1610.0,0.40897208,0.8125
9.0,1611.0,0.3975362,0.8125
9.0,1612.0,0.3799905,0.75
9.0,1613.0,0.30652258,0.90625
9.0,1614.0,0.307605,0.890625
9.0,1615.0,0.49852714,0.765625
9.0,1616.0,0.34843957,0.859375
9.0,1617.0,0.30252597,0.875
9.0,1618.0,0.42447096,0.796875
9.0,1619.0,0.39625472,0.828125
9.0,1620.0,0.37900344,0.796875
9.0,1621.0,0.414834,0.84375
9.0,1622.0,0.27438846,0.859375
9.0,1623.0,0.31788343,0.90625
9.0,1624.0,0.55628365,0.75
9.0,1625.0,0.3605525,0.84375
9.0,1626.0,0.46748495,0.796875
9.0,1627.0,0.271849,0.90625
9.0,1628.0,0.40295294,0.8125
9.0,1629.0,0.40433216,0.8125
9.0,1630.0,0.595795,0.703125
9.0,1631.0,0.4069199,0.859375
9.0,1632.0,0.27988002,0.90625
9.0,1633.0,0.37796506,0.828125
9.0,1634.0,0.43562365,0.8125
9.0,1635.0,0.3914527,0.859375
9.0,1636.0,0.3119991,0.890625
9.0,1637.0,0.37352833,0.78125
9.0,1638.0,0.39828497,0.78125
9.0,1639.0,0.44478193,0.8125
9.0,1640.0,0.39099255,0.796875
9.0,1641.0,0.34223074,0.859375
9.0,1642.0,0.24227673,0.921875
9.0,1643.0,0.39143053,0.84375
9.0,1644.0,0.32612836,0.859375
9.0,1645.0,0.3620696,0.875
9.0,1646.0,0.27859497,0.90625
9.0,1647.0,0.27969575,0.859375
9.0,1648.0,0.18973649,0.9375
9.0,1649.0,0.3461215,0.890625
9.0,1650.0,0.33486253,0.890625
9.0,1651.0,0.30531526,0.890625
9.0,1652.0,0.46423072,0.765625
9.0,1653.0,0.3311162,0.890625
9.0,1654.0,0.383838,0.890625
9.0,1655.0,0.40950984,0.875
9.0,1656.0,0.34735373,0.859375
9.0,1657.0,0.3844451,0.8125
9.0,1658.0,0.3206691,0.875
9.0,1659.0,0.35188925,0.84375
9.0,1660.0,0.31244767,0.8125
9.0,1661.0,0.3306218,0.9375
9.0,1662.0,0.40468132,0.796875
9.0,1663.0,0.39028603,0.796875
9.0,1664.0,0.42864114,0.828125
9.0,1665.0,0.35498062,0.8125
9.0,1666.0,0.326013,0.84375
9.0,1667.0,0.32593858,0.84375
9.0,1668.0,0.30682334,0.875
9.0,1669.0,0.31716874,0.828125
9.0,1670.0,0.38717327,0.859375
9.0,1671.0,0.26883203,0.921875
9.0,1672.0,0.3239445,0.859375
9.0,1673.0,0.3060369,0.875
9.0,1674.0,0.20859893,0.9375
9.0,1675.0,0.34349275,0.875
9.0,1676.0,0.4279082,0.796875
9.0,1677.0,0.33205238,0.90625
9.0,1678.0,0.30739763,0.90625
9.0,1679.0,0.38812816,0.859375
9.0,1680.0,0.47622958,0.765625
9.0,1681.0,0.32907268,0.875
9.0,1682.0,0.3555458,0.828125
9.0,1683.0,0.26904756,0.890625
9.0,1684.0,0.29357237,0.875
9.0,1685.0,0.31007805,0.875
9.0,1686.0,0.4944538,0.75
9.0,1687.0,0.43651506,0.84375
9.0,1688.0,0.46512324,0.859375
9.0,1689.0,0.36989376,0.8125
9.0,1690.0,0.41690078,0.828125
9.0,1691.0,0.3474463,0.890625
9.0,1692.0,0.33243155,0.84375
10.0,1693.0,0.36375806,0.84375
10.0,1694.0,0.36162484,0.84375
10.0,1695.0,0.3688142,0.796875
10.0,1696.0,0.34929785,0.859375
10.0,1697.0,0.39623734,0.78125
10.0,1698.0,0.36941746,0.84375
10.0,1699.0,0.35232267,0.875
10.0,1700.0,0.3847743,0.828125
10.0,1701.0,0.37702367,0.84375
10.0,1702.0,0.31641686,0.84375
10.0,1703.0,0.38415262,0.859375
10.0,1704.0,0.5113357,0.75
10.0,1705.0,0.29191944,0.90625
10.0,1706.0,0.34382486,0.84375
10.0,1707.0,0.35126728,0.84375
10.0,1708.0,0.40974313,0.765625
10.0,1709.0,0.39726022,0.84375
10.0,1710.0,0.42298788,0.859375
10.0,1711.0,0.31480572,0.859375
10.0,1712.0,0.35082054,0.875
10.0,1713.0,0.36537412,0.859375
10.0,1714.0,0.31843856,0.796875
10.0,1715.0,0.4314347,0.8125
10.0,1716.0,0.3739968,0.84375
10.0,1717.0,0.42654088,0.765625
10.0,1718.0,0.31585792,0.90625
10.0,1719.0,0.36749327,0.84375
10.0,1720.0,0.35691777,0.828125
10.0,1721.0,0.34502304,0.84375
10.0,1722.0,0.3627417,0.828125
10.0,1723.0,0.30774093,0.859375
10.0,1724.0,0.33459198,0.84375
10.0,1725.0,0.28985813,0.84375
10.0,1726.0,0.36255565,0.828125
10.0,1727.0,0.4681897,0.734375
10.0,1728.0,0.4119449,0.8125
10.0,1729.0,0.45964643,0.828125
10.0,1730.0,0.36302584,0.859375
10.0,1731.0,0.30137497,0.84375
10.0,1732.0,0.25365156,0.921875
10.0,1733.0,0.3152392,0.875
10.0,1734.0,0.4319216,0.796875
10.0,1735.0,0.40927714,0.828125
10.0,1736.0,0.3297023,0.859375
10.0,1737.0,0.3505947,0.84375
10.0,1738.0,0.41180262,0.828125
10.0,1739.0,0.38137954,0.84375
10.0,1740.0,0.3443654,0.875
10.0,1741.0,0.27554703,0.921875
10.0,1742.0,0.4019557,0.796875
10.0,1743.0,0.32922846,0.859375
10.0,1744.0,0.35307118,0.8125
10.0,1745.0,0.40616983,0.78125
10.0,1746.0,0.32055867,0.859375
10.0,1747.0,0.5104058,0.796875
10.0,1748.0,0.30636165,0.890625
10.0,1749.0,0.287527,0.890625
10.0,1750.0,0.40077493,0.8125
10.0,1751.0,0.3497273,0.84375
10.0,1752.0,0.4338987,0.796875
10.0,1753.0,0.40310144,0.796875
10.0,1754.0,0.22666046,0.9375
10.0,1755.0,0.32184997,0.875
10.0,1756.0,0.34748158,0.859375
10.0,1757.0,0.30115485,0.859375
10.0,1758.0,0.31648976,0.84375
10.0,1759.0,0.48133585,0.8125
10.0,1760.0,0.24959816,0.90625
10.0,1761.0,0.2377764,0.9375
10.0,1762.0,0.36954334,0.796875
10.0,1763.0,0.22533202,0.890625
10.0,1764.0,0.3482786,0.828125
10.0,1765.0,0.36835232,0.859375
10.0,1766.0,0.45629314,0.796875
10.0,1767.0,0.41831753,0.84375
10.0,1768.0,0.30321276,0.875
10.0,1769.0,0.3399427,0.84375
10.0,1770.0,0.36931387,0.8125
10.0,1771.0,0.43516895,0.8125
10.0,1772.0,0.44998756,0.78125
10.0,1773.0,0.2701704,0.921875
10.0,1774.0,0.31551257,0.890625
10.0,1775.0,0.29126954,0.875
10.0,1776.0,0.35662577,0.890625
10.0,1777.0,0.331636,0.90625
10.0,1778.0,0.28592986,0.859375
10.0,1779.0,0.3390431,0.828125
10.0,1780.0,0.30106008,0.875
10.0,1781.0,0.33620435,0.796875
10.0,1782.0,0.3513912,0.875
10.0,1783.0,0.2868734,0.890625
10.0,1784.0,0.24955244,0.875
10.0,1785.0,0.3012961,0.875
10.0,1786.0,0.33354676,0.859375
10.0,1787.0,0.29754484,0.875
10.0,1788.0,0.35807583,0.84375
10.0,1789.0,0.24256314,0.90625
10.0,1790.0,0.29421404,0.859375
10.0,1791.0,0.28607783,0.90625
10.0,1792.0,0.37019092,0.796875
10.0,1793.0,0.3246328,0.875
10.0,1794.0,0.33359656,0.84375
10.0,1795.0,0.26706973,0.90625
10.0,1796.0,0.3253804,0.875
10.0,1797.0,0.34349182,0.796875
10.0,1798.0,0.31470734,0.828125
10.0,1799.0,0.3606112,0.859375
10.0,1800.0,0.38269332,0.796875
10.0,1801.0,0.36487097,0.828125
10.0,1802.0,0.29826522,0.828125
10.0,1803.0,0.36768243,0.828125
10.0,1804.0,0.38785037,0.84375
10.0,1805.0,0.34868705,0.828125
10.0,1806.0,0.32119173,0.84375
10.0,1807.0,0.41297975,0.78125
10.0,1808.0,0.36431035,0.828125
10.0,1809.0,0.5024792,0.828125
10.0,1810.0,0.30463153,0.875
10.0,1811.0,0.2631208,0.90625
10.0,1812.0,0.31783143,0.875
10.0,1813.0,0.37468255,0.84375
10.0,1814.0,0.3795111,0.796875
10.0,1815.0,0.2951514,0.84375
10.0,1816.0,0.27293903,0.90625
10.0,1817.0,0.35174522,0.84375
10.0,1818.0,0.39110726,0.84375
10.0,1819.0,0.30936027,0.859375
10.0,1820.0,0.35712793,0.828125
10.0,1821.0,0.4361759,0.828125
10.0,1822.0,0.2551764,0.9375
10.0,1823.0,0.29120106,0.890625
10.0,1824.0,0.32615155,0.890625
10.0,1825.0,0.20645335,0.921875
10.0,1826.0,0.46984938,0.8125
10.0,1827.0,0.37840408,0.84375
10.0,1828.0,0.56938237,0.71875
10.0,1829.0,0.45020068,0.78125
10.0,1830.0,0.27998942,0.890625
10.0,1831.0,0.3622552,0.8125
10.0,1832.0,0.38636985,0.859375
10.0,1833.0,0.362443,0.8125
10.0,1834.0,0.2941042,0.875
10.0,1835.0,0.43387872,0.796875
10.0,1836.0,0.5037968,0.703125
10.0,1837.0,0.3383858,0.84375
10.0,1838.0,0.48239124,0.78125
10.0,1839.0,0.2983087,0.890625
10.0,1840.0,0.34222192,0.859375
10.0,1841.0,0.35850894,0.875
10.0,1842.0,0.38033047,0.828125
10.0,1843.0,0.36349708,0.828125
10.0,1844.0,0.41362602,0.828125
10.0,1845.0,0.28722748,0.890625
10.0,1846.0,0.51663464,0.78125
10.0,1847.0,0.3223515,0.875
10.0,1848.0,0.5923685,0.75
10.0,1849.0,0.35748857,0.84375
10.0,1850.0,0.3164323,0.90625
10.0,1851.0,0.42123154,0.84375
10.0,1852.0,0.3426291,0.859375
10.0,1853.0,0.26217172,0.890625
10.0,1854.0,0.4575534,0.765625
10.0,1855.0,0.25430483,0.9375
10.0,1856.0,0.3473929,0.875
10.0,1857.0,0.64399827,0.703125
10.0,1858.0,0.32122394,0.859375
10.0,1859.0,0.36613804,0.84375
10.0,1860.0,0.41780883,0.78125
10.0,1861.0,0.29912725,0.859375
10.0,1862.0,0.39277124,0.828125
10.0,1863.0,0.22586699,0.90625
10.0,1864.0,0.37223873,0.859375
10.0,1865.0,0.29334733,0.875
10.0,1866.0,0.36107627,0.8125
10.0,1867.0,0.44130495,0.828125
10.0,1868.0,0.34106883,0.84375
10.0,1869.0,0.31585306,0.859375
10.0,1870.0,0.33878455,0.90625
10.0,1871.0,0.32288647,0.890625
10.0,1872.0,0.4929423,0.78125
10.0,1873.0,0.32819152,0.84375
10.0,1874.0,0.28520083,0.890625
10.0,1875.0,0.3995577,0.84375
10.0,1876.0,0.542249,0.78125
10.0,1877.0,0.45428127,0.796875
10.0,1878.0,0.2940133,0.890625
10.0,1879.0,0.28522,0.890625
10.0,1880.0,0.38902542,0.84375
11.0,1881.0,0.36646312,0.859375
11.0,1882.0,0.32806313,0.890625
11.0,1883.0,0.34165958,0.84375
11.0,1884.0,0.40894082,0.890625
11.0,1885.0,0.29975858,0.875
11.0,1886.0,0.5016163,0.734375
11.0,1887.0,0.319681,0.890625
11.0,1888.0,0.3675242,0.875
11.0,1889.0,0.33298203,0.84375
11.0,1890.0,0.3192405,0.859375
11.0,1891.0,0.3213592,0.859375
11.0,1892.0,0.40401462,0.875
11.0,1893.0,0.36316243,0.828125
11.0,1894.0,0.3286011,0.890625
11.0,1895.0,0.309552,0.84375
11.0,1896.0,0.34084836,0.890625
11.0,1897.0,0.24205118,0.921875
11.0,1898.0,0.55488485,0.734375
11.0,1899.0,0.36331782,0.875
11.0,1900.0,0.34969616,0.90625
11.0,1901.0,0.448608,0.796875
11.0,1902.0,0.33386144,0.859375
11.0,1903.0,0.33864713,0.875
11.0,1904.0,0.3342352,0.90625
11.0,1905.0,0.255035,0.875
11.0,1906.0,0.36583382,0.828125
11.0,1907.0,0.24220829,0.9375
11.0,1908.0,0.39956418,0.8125
11.0,1909.0,0.3938499,0.796875
11.0,1910.0,0.332408,0.84375
11.0,1911.0,0.36657622,0.828125
11.0,1912.0,0.35259998,0.859375
11.0,1913.0,0.3935054,0.890625
11.0,1914.0,0.32583544,0.859375
11.0,1915.0,0.36483884,0.84375
11.0,1916.0,0.28837773,0.90625
11.0,1917.0,0.48788413,0.8125
11.0,1918.0,0.43171936,0.8125
11.0,1919.0,0.30308166,0.859375
11.0,1920.0,0.48581704,0.8125
11.0,1921.0,0.36982974,0.84375
11.0,1922.0,0.27404317,0.90625
11.0,1923.0,0.4425699,0.796875
11.0,1924.0,0.21995535,0.921875
11.0,1925.0,0.25342402,0.921875
11.0,1926.0,0.38671157,0.796875
11.0,1927.0,0.2512715,0.9375
11.0,1928.0,0.28825468,0.90625
11.0,1929.0,0.36847416,0.875
11.0,1930.0,0.34021622,0.8125
11.0,1931.0,0.44476295,0.84375
11.0,1932.0,0.2950913,0.890625
11.0,1933.0,0.28646857,0.875
11.0,1934.0,0.46417528,0.765625
11.0,1935.0,0.33295584,0.84375
11.0,1936.0,0.33354086,0.859375
11.0,1937.0,0.38276947,0.828125
11.0,1938.0,0.34129137,0.875
11.0,1939.0,0.32922718,0.828125
11.0,1940.0,0.34148675,0.8125
11.0,1941.0,0.3494573,0.875
11.0,1942.0,0.31827208,0.859375
11.0,1943.0,0.39624342,0.796875
11.0,1944.0,0.30730084,0.828125
11.0,1945.0,0.32460934,0.859375
11.0,1946.0,0.44807097,0.8125
11.0,1947.0,0.40821412,0.84375
11.0,1948.0,0.26083195,0.890625
11.0,1949.0,0.35616726,0.859375
11.0,1950.0,0.3297634,0.828125
11.0,1951.0,0.4204614,0.8125
11.0,1952.0,0.26062825,0.859375
11.0,1953.0,0.47511718,0.765625
11.0,1954.0,0.27829868,0.921875
11.0,1955.0,0.40490824,0.796875
11.0,1956.0,0.46347016,0.8125
11.0,1957.0,0.33302587,0.875
11.0,1958.0,0.3864916,0.8125
11.0,1959.0,0.3088616,0.921875
11.0,1960.0,0.4000758,0.796875
11.0,1961.0,0.41664302,0.84375
11.0,1962.0,0.41226065,0.84375
11.0,1963.0,0.3151455,0.84375
11.0,1964.0,0.40360817,0.796875
11.0,1965.0,0.41489336,0.828125
11.0,1966.0,0.34084067,0.84375
11.0,1967.0,0.3532008,0.828125
11.0,1968.0,0.41438347,0.84375
11.0,1969.0,0.3770131,0.84375
11.0,1970.0,0.4361961,0.84375
11.0,1971.0,0.33319882,0.84375
11.0,1972.0,0.3986603,0.828125
11.0,1973.0,0.40525672,0.8125
11.0,1974.0,0.4119208,0.84375
11.0,1975.0,0.40193218,0.8125
11.0,1976.0,0.35333514,0.875
11.0,1977.0,0.3264773,0.890625
11.0,1978.0,0.32491773,0.890625
11.0,1979.0,0.33724767,0.84375
11.0,1980.0,0.4326697,0.796875
11.0,1981.0,0.42703152,0.8125
11.0,1982.0,0.43961254,0.796875
11.0,1983.0,0.4443301,0.796875
11.0,1984.0,0.29936343,0.90625
11.0,1985.0,0.2886103,0.90625
11.0,1986.0,0.28725517,0.84375
11.0,1987.0,0.38614005,0.84375
11.0,1988.0,0.45696786,0.8125
11.0,1989.0,0.3383479,0.875
11.0,1990.0,0.27397394,0.890625
11.0,1991.0,0.37213084,0.828125
11.0,1992.0,0.34254083,0.828125
11.0,1993.0,0.36848605,0.8125
11.0,1994.0,0.4104879,0.796875
11.0,1995.0,0.44445145,0.78125
11.0,1996.0,0.378799,0.859375
11.0,1997.0,0.30666894,0.875
11.0,1998.0,0.2941318,0.875
11.0,1999.0,0.34041214,0.859375
11.0,2000.0,0.3701144,0.84375
11.0,2001.0,0.28656617,0.859375
11.0,2002.0,0.26956502,0.9375
11.0,2003.0,0.40562782,0.796875
11.0,2004.0,0.42662513,0.859375
11.0,2005.0,0.30511755,0.890625
11.0,2006.0,0.33301467,0.859375
11.0,2007.0,0.28686973,0.890625
11.0,2008.0,0.33034515,0.859375
11.0,2009.0,0.45660064,0.8125
11.0,2010.0,0.43318287,0.828125
11.0,2011.0,0.34909528,0.828125
11.0,2012.0,0.35307932,0.8125
11.0,2013.0,0.3033675,0.875
11.0,2014.0,0.42863595,0.796875
11.0,2015.0,0.4460664,0.78125
11.0,2016.0,0.2981661,0.859375
11.0,2017.0,0.40679252,0.765625
11.0,2018.0,0.3682418,0.84375
11.0,2019.0,0.21660157,0.9375
11.0,2020.0,0.28638917,0.875
11.0,2021.0,0.40146264,0.859375
11.0,2022.0,0.5422077,0.78125
11.0,2023.0,0.3201024,0.859375
11.0,2024.0,0.48214564,0.796875
11.0,2025.0,0.29135627,0.890625
11.0,2026.0,0.55332637,0.75
11.0,2027.0,0.22877477,0.890625
11.0,2028.0,0.3182583,0.875
11.0,2029.0,0.40246442,0.828125
11.0,2030.0,0.35991356,0.859375
11.0,2031.0,0.33195487,0.859375
11.0,2032.0,0.360941,0.8125
11.0,2033.0,0.37866646,0.796875
11.0,2034.0,0.32632372,0.890625
11.0,2035.0,0.38189667,0.828125
11.0,2036.0,0.39264542,0.8125
11.0,2037.0,0.41482314,0.828125
11.0,2038.0,0.3243431,0.8125
11.0,2039.0,0.39192033,0.828125
11.0,2040.0,0.31723493,0.875
11.0,2041.0,0.29647323,0.890625
11.0,2042.0,0.32018694,0.84375
11.0,2043.0,0.21438783,0.921875
11.0,2044.0,0.41099927,0.828125
11.0,2045.0,0.42900568,0.78125
11.0,2046.0,0.4559365,0.8125
11.0,2047.0,0.48986876,0.75
11.0,2048.0,0.38911998,0.875
11.0,2049.0,0.33152255,0.890625
11.0,2050.0,0.36678782,0.796875
11.0,2051.0,0.34201154,0.859375
11.0,2052.0,0.37481463,0.8125
11.0,2053.0,0.34624353,0.90625
11.0,2054.0,0.43903327,0.796875
11.0,2055.0,0.33194897,0.84375
11.0,2056.0,0.35899973,0.859375
11.0,2057.0,0.40438354,0.796875
11.0,2058.0,0.44280925,0.828125
11.0,2059.0,0.32767552,0.859375
11.0,2060.0,0.2404812,0.921875
11.0,2061.0,0.39950633,0.828125
11.0,2062.0,0.38711298,0.828125
11.0,2063.0,0.3205658,0.875
11.0,2064.0,0.25852883,0.921875
11.0,2065.0,0.24220279,0.90625
11.0,2066.0,0.32544023,0.875
11.0,2067.0,0.42516652,0.78125
11.0,2068.0,0.3847626,0.8125
12.0,2069.0,0.3590742,0.84375
12.0,2070.0,0.29454133,0.890625
12.0,2071.0,0.35578653,0.859375
12.0,2072.0,0.39368004,0.828125
12.0,2073.0,0.32735077,0.890625
12.0,2074.0,0.35176653,0.796875
12.0,2075.0,0.34421337,0.875
12.0,2076.0,0.29103938,0.859375
12.0,2077.0,0.33335695,0.796875
12.0,2078.0,0.36572614,0.859375
12.0,2079.0,0.41041887,0.796875
12.0,2080.0,0.25541982,0.9375
12.0,2081.0,0.45052058,0.8125
12.0,2082.0,0.22803776,0.953125
12.0,2083.0,0.3064079,0.890625
12.0,2084.0,0.3236999,0.84375
12.0,2085.0,0.26401117,0.90625
12.0,2086.0,0.27326882,0.890625
12.0,2087.0,0.3827744,0.828125
12.0,2088.0,0.22043571,0.9375
12.0,2089.0,0.39263105,0.8125
12.0,2090.0,0.28661478,0.90625
12.0,2091.0,0.40986103,0.84375
12.0,2092.0,0.34770107,0.828125
12.0,2093.0,0.4289468,0.84375
12.0,2094.0,0.35429913,0.875
12.0,2095.0,0.3472379,0.859375
12.0,2096.0,0.31381598,0.828125
12.0,2097.0,0.31064928,0.828125
12.0,2098.0,0.43918765,0.84375
12.0,2099.0,0.33042136,0.84375
12.0,2100.0,0.30227658,0.84375
12.0,2101.0,0.31396693,0.875
12.0,2102.0,0.23130444,0.890625
12.0,2103.0,0.3670688,0.84375
12.0,2104.0,0.3838831,0.8125
12.0,2105.0,0.3428895,0.875
12.0,2106.0,0.42060313,0.828125
12.0,2107.0,0.3982106,0.796875
12.0,2108.0,0.37020904,0.8125
12.0,2109.0,0.39632848,0.84375
12.0,2110.0,0.4135047,0.875
12.0,2111.0,0.31154206,0.84375
12.0,2112.0,0.29390532,0.875
12.0,2113.0,0.26755708,0.890625
12.0,2114.0,0.32543135,0.90625
12.0,2115.0,0.3178049,0.890625
12.0,2116.0,0.31277665,0.890625
12.0,2117.0,0.31190452,0.875
12.0,2118.0,0.28683275,0.875
12.0,2119.0,0.3264402,0.796875
12.0,2120.0,0.4076609,0.765625
12.0,2121.0,0.47294655,0.78125
12.0,2122.0,0.28958654,0.875
12.0,2123.0,0.39855918,0.796875
12.0,2124.0,0.3963194,0.796875
12.0,2125.0,0.3871733,0.859375
12.0,2126.0,0.3119393,0.859375
12.0,2127.0,0.36021382,0.8125
12.0,2128.0,0.33624306,0.859375
12.0,2129.0,0.32114655,0.90625
12.0,2130.0,0.40097514,0.8125
12.0,2131.0,0.3597681,0.90625
12.0,2132.0,0.42828158,0.84375
12.0,2133.0,0.39181837,0.75
12.0,2134.0,0.36939952,0.859375
12.0,2135.0,0.29828137,0.890625
12.0,2136.0,0.33736318,0.8125
12.0,2137.0,0.3490275,0.84375
12.0,2138.0,0.40386707,0.828125
12.0,2139.0,0.23637393,0.90625
12.0,2140.0,0.47794062,0.75
12.0,2141.0,0.40146828,0.796875
12.0,2142.0,0.3590758,0.84375
12.0,2143.0,0.31991225,0.84375
12.0,2144.0,0.38533133,0.84375
12.0,2145.0,0.404104,0.828125
12.0,2146.0,0.42657337,0.828125
12.0,2147.0,0.26974416,0.859375
12.0,2148.0,0.3500807,0.84375
12.0,2149.0,0.42455578,0.859375
12.0,2150.0,0.38754725,0.859375
12.0,2151.0,0.406225,0.796875
12.0,2152.0,0.23185863,0.921875
12.0,2153.0,0.36823702,0.890625
12.0,2154.0,0.3855695,0.828125
12.0,2155.0,0.51315403,0.75
12.0,2156.0,0.2988615,0.890625
12.0,2157.0,0.3322462,0.84375
12.0,2158.0,0.3292502,0.78125
12.0,2159.0,0.31746143,0.84375
12.0,2160.0,0.28983903,0.875
12.0,2161.0,0.39524087,0.828125
12.0,2162.0,0.38179776,0.796875
12.0,2163.0,0.35307038,0.796875
12.0,2164.0,0.41665626,0.8125
12.0,2165.0,0.31817028,0.921875
12.0,2166.0,0.38606614,0.828125
12.0,2167.0,0.19760367,0.953125
12.0,2168.0,0.33010122,0.828125
12.0,2169.0,0.48402312,0.75
12.0,2170.0,0.3351878,0.875
12.0,2171.0,0.3034857,0.859375
12.0,2172.0,0.3878281,0.875
12.0,2173.0,0.40993232,0.828125
12.0,2174.0,0.3848737,0.859375
12.0,2175.0,0.42624566,0.828125
12.0,2176.0,0.28824016,0.890625
12.0,2177.0,0.2553002,0.890625
12.0,2178.0,0.33981228,0.8125
12.0,2179.0,0.29808536,0.84375
12.0,2180.0,0.5229734,0.765625
12.0,2181.0,0.30510908,0.90625
12.0,2182.0,0.3245709,0.890625
12.0,2183.0,0.28150484,0.875
12.0,2184.0,0.3556839,0.84375
12.0,2185.0,0.39427233,0.84375
12.0,2186.0,0.30058068,0.890625
12.0,2187.0,0.2848144,0.859375
12.0,2188.0,0.3981279,0.78125
12.0,2189.0,0.3025417,0.875
12.0,2190.0,0.3161437,0.875
12.0,2191.0,0.3416728,0.84375
12.0,2192.0,0.4551714,0.8125
12.0,2193.0,0.4588501,0.796875
12.0,2194.0,0.3294293,0.8125
12.0,2195.0,0.43892267,0.828125
12.0,2196.0,0.45063856,0.78125
12.0,2197.0,0.4033759,0.828125
12.0,2198.0,0.26559633,0.921875
12.0,2199.0,0.3514674,0.84375
12.0,2200.0,0.2632678,0.875
12.0,2201.0,0.30575126,0.84375
12.0,2202.0,0.39327455,0.84375
12.0,2203.0,0.43828902,0.796875
12.0,2204.0,0.37922925,0.859375
12.0,2205.0,0.31244045,0.859375
12.0,2206.0,0.43497404,0.78125
12.0,2207.0,0.4256441,0.859375
12.0,2208.0,0.28224802,0.921875
12.0,2209.0,0.30440325,0.875
12.0,2210.0,0.38259873,0.8125
12.0,2211.0,0.28458434,0.90625
12.0,2212.0,0.39141577,0.84375
12.0,2213.0,0.33170918,0.859375
12.0,2214.0,0.3183389,0.921875
12.0,2215.0,0.38300258,0.875
12.0,2216.0,0.527072,0.734375
12.0,2217.0,0.24054122,0.921875
12.0,2218.0,0.35242578,0.78125
12.0,2219.0,0.28917167,0.859375
12.0,2220.0,0.3237354,0.875
12.0,2221.0,0.4872005,0.765625
12.0,2222.0,0.35026026,0.875
12.0,2223.0,0.3824895,0.796875
12.0,2224.0,0.40402088,0.90625
12.0,2225.0,0.33746383,0.875
12.0,2226.0,0.2747366,0.890625
12.0,2227.0,0.25386134,0.921875
12.0,2228.0,0.30511457,0.875
12.0,2229.0,0.3189881,0.859375
12.0,2230.0,0.25605547,0.875
12.0,2231.0,0.4246113,0.8125
12.0,2232.0,0.39520666,0.828125
12.0,2233.0,0.3664274,0.828125
12.0,2234.0,0.3161993,0.921875
12.0,2235.0,0.32732394,0.84375
12.0,2236.0,0.32243398,0.90625
12.0,2237.0,0.33519152,0.8125
12.0,2238.0,0.40298113,0.828125
12.0,2239.0,0.42741454,0.84375
12.0,2240.0,0.48858333,0.796875
12.0,2241.0,0.36585593,0.875
12.0,2242.0,0.30078563,0.890625
12.0,2243.0,0.30973783,0.875
12.0,2244.0,0.39413646,0.8125
12.0,2245.0,0.27492172,0.90625
12.0,2246.0,0.3986242,0.796875
12.0,2247.0,0.33785045,0.84375
12.0,2248.0,0.26102108,0.921875
12.0,2249.0,0.2979278,0.921875
12.0,2250.0,0.38691437,0.859375
12.0,2251.0,0.2562252,0.90625
12.0,2252.0,0.31292188,0.859375
12.0,2253.0,0.25646603,0.90625
12.0,2254.0,0.3730305,0.84375
12.0,2255.0,0.21939875,0.9375
12.0,2256.0,0.35908818,0.8125
13.0,2257.0,0.43706697,0.8125
13.0,2258.0,0.3948293,0.859375
13.0,2259.0,0.3460283,0.84375
13.0,2260.0,0.43753764,0.875
13.0,2261.0,0.3807283,0.828125
13.0,2262.0,0.37250105,0.8125
13.0,2263.0,0.21427661,0.921875
13.0,2264.0,0.31945735,0.875
13.0,2265.0,0.3311831,0.859375
13.0,2266.0,0.33368146,0.859375
13.0,2267.0,0.22255303,0.921875
13.0,2268.0,0.3377438,0.875
13.0,2269.0,0.4235285,0.78125
13.0,2270.0,0.29064348,0.90625
13.0,2271.0,0.36770728,0.859375
13.0,2272.0,0.36943355,0.8125
13.0,2273.0,0.3682483,0.828125
13.0,2274.0,0.2958581,0.875
13.0,2275.0,0.35407528,0.8125
13.0,2276.0,0.3666046,0.828125
13.0,2277.0,0.38915348,0.8125
13.0,2278.0,0.5158803,0.828125
13.0,2279.0,0.40067768,0.84375
13.0,2280.0,0.4961368,0.78125
13.0,2281.0,0.32465273,0.859375
13.0,2282.0,0.38481638,0.8125
13.0,2283.0,0.28849256,0.875
13.0,2284.0,0.35081425,0.8125
13.0,2285.0,0.35515687,0.875
13.0,2286.0,0.27078655,0.921875
13.0,2287.0,0.43230987,0.8125
13.0,2288.0,0.34283867,0.828125
13.0,2289.0,0.35419926,0.859375
13.0,2290.0,0.4317181,0.796875
13.0,2291.0,0.36787802,0.84375
13.0,2292.0,0.3773907,0.84375
13.0,2293.0,0.431327,0.8125
13.0,2294.0,0.37031144,0.84375
13.0,2295.0,0.3534412,0.84375
13.0,2296.0,0.26496497,0.921875
13.0,2297.0,0.22677414,0.90625
13.0,2298.0,0.28731218,0.90625
13.0,2299.0,0.3087642,0.875
13.0,2300.0,0.3434816,0.859375
13.0,2301.0,0.45475712,0.796875
13.0,2302.0,0.50424993,0.75
13.0,2303.0,0.4004907,0.890625
13.0,2304.0,0.37337014,0.828125
13.0,2305.0,0.5002358,0.71875
13.0,2306.0,0.38740006,0.828125
13.0,2307.0,0.31652582,0.84375
13.0,2308.0,0.24427813,0.921875
13.0,2309.0,0.40115103,0.8125
13.0,2310.0,0.46121648,0.8125
13.0,2311.0,0.38077438,0.859375
13.0,2312.0,0.3466553,0.84375
13.0,2313.0,0.27209455,0.921875
13.0,2314.0,0.3117233,0.875
13.0,2315.0,0.43767992,0.8125
13.0,2316.0,0.3351232,0.90625
13.0,2317.0,0.3322282,0.875
13.0,2318.0,0.30296218,0.84375
13.0,2319.0,0.41210166,0.765625
13.0,2320.0,0.34055725,0.875
13.0,2321.0,0.42705888,0.828125
13.0,2322.0,0.48576298,0.703125
13.0,2323.0,0.35197872,0.828125
13.0,2324.0,0.34015915,0.921875
13.0,2325.0,0.24440247,0.890625
13.0,2326.0,0.30124393,0.921875
13.0,2327.0,0.36701334,0.8125
13.0,2328.0,0.42268384,0.78125
13.0,2329.0,0.33371955,0.890625
13.0,2330.0,0.3033797,0.921875
13.0,2331.0,0.33309937,0.8125
13.0,2332.0,0.31527102,0.859375
13.0,2333.0,0.47407526,0.765625
13.0,2334.0,0.23323335,0.90625
13.0,2335.0,0.34367546,0.796875
13.0,2336.0,0.34163457,0.84375
13.0,2337.0,0.28110924,0.890625
13.0,2338.0,0.3234758,0.859375
13.0,2339.0,0.55401933,0.78125
13.0,2340.0,0.36296105,0.84375
13.0,2341.0,0.30859178,0.953125
13.0,2342.0,0.33074105,0.84375
13.0,2343.0,0.294997,0.859375
13.0,2344.0,0.34607074,0.859375
13.0,2345.0,0.30309403,0.875
13.0,2346.0,0.29946318,0.859375
13.0,2347.0,0.3170759,0.90625
13.0,2348.0,0.34770387,0.859375
13.0,2349.0,0.43911773,0.734375
13.0,2350.0,0.42735428,0.8125
13.0,2351.0,0.3636936,0.8125
13.0,2352.0,0.30781037,0.859375
13.0,2353.0,0.32035586,0.84375
13.0,2354.0,0.3987927,0.78125
13.0,2355.0,0.3846906,0.875
13.0,2356.0,0.33591428,0.8125
13.0,2357.0,0.36512795,0.859375
13.0,2358.0,0.24740618,0.90625
13.0,2359.0,0.4596658,0.796875
13.0,2360.0,0.3193904,0.875
13.0,2361.0,0.34211013,0.828125
13.0,2362.0,0.34102318,0.796875
13.0,2363.0,0.40189642,0.84375
13.0,2364.0,0.42938486,0.84375
13.0,2365.0,0.25784588,0.90625
13.0,2366.0,0.3292717,0.828125
13.0,2367.0,0.3898244,0.859375
13.0,2368.0,0.36722136,0.765625
13.0,2369.0,0.35577077,0.859375
13.0,2370.0,0.29347962,0.890625
13.0,2371.0,0.37653723,0.875
13.0,2372.0,0.22386922,0.921875
13.0,2373.0,0.34141895,0.90625
13.0,2374.0,0.2876197,0.921875
13.0,2375.0,0.31020743,0.84375
13.0,2376.0,0.21995935,0.90625
13.0,2377.0,0.3346686,0.859375
13.0,2378.0,0.39387426,0.8125
13.0,2379.0,0.32792893,0.890625
13.0,2380.0,0.3650665,0.84375
13.0,2381.0,0.22537884,0.890625
13.0,2382.0,0.29281893,0.90625
13.0,2383.0,0.28416473,0.90625
13.0,2384.0,0.28254712,0.890625
13.0,2385.0,0.2822779,0.875
13.0,2386.0,0.34023595,0.875
13.0,2387.0,0.2854234,0.859375
13.0,2388.0,0.50668246,0.765625
13.0,2389.0,0.37216794,0.8125
13.0,2390.0,0.45558032,0.78125
13.0,2391.0,0.38644433,0.875
13.0,2392.0,0.2692972,0.890625
13.0,2393.0,0.3734787,0.84375
13.0,2394.0,0.35904112,0.875
13.0,2395.0,0.3699882,0.828125
13.0,2396.0,0.527494,0.75
13.0,2397.0,0.35563442,0.828125
13.0,2398.0,0.36480087,0.8125
13.0,2399.0,0.4634531,0.796875
13.0,2400.0,0.45560667,0.78125
13.0,2401.0,0.37655482,0.84375
13.0,2402.0,0.3474776,0.828125
13.0,2403.0,0.35351056,0.796875
13.0,2404.0,0.39174187,0.78125
13.0,2405.0,0.3276056,0.828125
13.0,2406.0,0.352581,0.890625
13.0,2407.0,0.21615016,0.890625
13.0,2408.0,0.33991817,0.875
13.0,2409.0,0.41931888,0.828125
13.0,2410.0,0.33007792,0.90625
13.0,2411.0,0.3900906,0.828125
13.0,2412.0,0.36680466,0.84375
13.0,2413.0,0.37778494,0.796875
13.0,2414.0,0.446573,0.8125
13.0,2415.0,0.3251669,0.8125
13.0,2416.0,0.38699645,0.796875
13.0,2417.0,0.2660642,0.828125
13.0,2418.0,0.3763208,0.828125
13.0,2419.0,0.30008096,0.859375
13.0,2420.0,0.29366046,0.859375
13.0,2421.0,0.3491703,0.859375
13.0,2422.0,0.24488698,0.9375
13.0,2423.0,0.24968629,0.890625
13.0,2424.0,0.3265105,0.875
13.0,2425.0,0.3310873,0.84375
13.0,2426.0,0.34418562,0.8125
13.0,2427.0,0.2884018,0.859375
13.0,2428.0,0.23100042,0.875
13.0,2429.0,0.3601526,0.828125
13.0,2430.0,0.37341037,0.828125
13.0,2431.0,0.39402598,0.78125
13.0,2432.0,0.22456357,0.875
13.0,2433.0,0.33396822,0.859375
13.0,2434.0,0.22290862,0.90625
13.0,2435.0,0.33348152,0.90625
13.0,2436.0,0.35771766,0.828125
13.0,2437.0,0.3117897,0.90625
13.0,2438.0,0.3962573,0.8125
13.0,2439.0,0.31870496,0.859375
13.0,2440.0,0.43381464,0.828125
13.0,2441.0,0.3818285,0.828125
13.0,2442.0,0.40407595,0.84375
13.0,2443.0,0.3402313,0.828125
13.0,2444.0,0.2445076,0.90625
14.0,2445.0,0.32486227,0.890625
14.0,2446.0,0.3287176,0.8125
14.0,2447.0,0.3433782,0.84375
14.0,2448.0,0.3865448,0.8125
14.0,2449.0,0.39856824,0.890625
14.0,2450.0,0.31466028,0.875
14.0,2451.0,0.3218569,0.875
14.0,2452.0,0.28759423,0.90625
14.0,2453.0,0.37294823,0.8125
14.0,2454.0,0.3170374,0.875
14.0,2455.0,0.32853407,0.859375
14.0,2456.0,0.31824243,0.84375
14.0,2457.0,0.26035348,0.890625
14.0,2458.0,0.3228949,0.84375
14.0,2459.0,0.24368252,0.90625
14.0,2460.0,0.43769696,0.796875
14.0,2461.0,0.41470018,0.765625
14.0,2462.0,0.3019742,0.90625
14.0,2463.0,0.37709105,0.8125
14.0,2464.0,0.33815292,0.84375
14.0,2465.0,0.4147563,0.796875
14.0,2466.0,0.38562718,0.890625
14.0,2467.0,0.27933446,0.9375
14.0,2468.0,0.27729246,0.9375
14.0,2469.0,0.34257925,0.828125
14.0,2470.0,0.35504928,0.859375
14.0,2471.0,0.22266977,0.921875
14.0,2472.0,0.3969007,0.828125
14.0,2473.0,0.3633856,0.84375
14.0,2474.0,0.46498105,0.734375
14.0,2475.0,0.44596297,0.734375
14.0,2476.0,0.36501372,0.8125
14.0,2477.0,0.30135906,0.875
14.0,2478.0,0.296022,0.890625
14.0,2479.0,0.32748222,0.890625
14.0,2480.0,0.4226272,0.796875
14.0,2481.0,0.41814038,0.78125
14.0,2482.0,0.31486517,0.875
14.0,2483.0,0.43437174,0.796875
14.0,2484.0,0.27552387,0.90625
14.0,2485.0,0.27737603,0.90625
14.0,2486.0,0.30836868,0.875
14.0,2487.0,0.49587217,0.78125
14.0,2488.0,0.35921612,0.828125
14.0,2489.0,0.40095127,0.84375
14.0,2490.0,0.40148687,0.8125
14.0,2491.0,0.35785758,0.875
14.0,2492.0,0.37869322,0.84375
14.0,2493.0,0.39420354,0.796875
14.0,2494.0,0.40517527,0.84375
14.0,2495.0,0.391531,0.78125
14.0,2496.0,0.471117,0.734375
14.0,2497.0,0.49201328,0.8125
14.0,2498.0,0.32892007,0.875
14.0,2499.0,0.2627564,0.953125
14.0,2500.0,0.24955955,0.921875
14.0,2501.0,0.307731,0.859375
14.0,2502.0,0.3554539,0.8125
14.0,2503.0,0.51480013,0.8125
14.0,2504.0,0.3647642,0.828125
14.0,2505.0,0.3953359,0.84375
14.0,2506.0,0.40320596,0.8125
14.0,2507.0,0.2789336,0.890625
14.0,2508.0,0.42394525,0.84375
14.0,2509.0,0.29116935,0.921875
14.0,2510.0,0.36083952,0.828125
14.0,2511.0,0.37936085,0.828125
14.0,2512.0,0.21755297,0.921875
14.0,2513.0,0.4195307,0.84375
14.0,2514.0,0.3654943,0.8125
14.0,2515.0,0.4469227,0.859375
14.0,2516.0,0.2933866,0.859375
14.0,2517.0,0.30435047,0.875
14.0,2518.0,0.40069583,0.828125
14.0,2519.0,0.3981705,0.84375
14.0,2520.0,0.30886602,0.90625
14.0,2521.0,0.33558,0.875
14.0,2522.0,0.43885493,0.8125
14.0,2523.0,0.44645455,0.78125
14.0,2524.0,0.31724185,0.875
14.0,2525.0,0.3513509,0.828125
14.0,2526.0,0.46208447,0.859375
14.0,2527.0,0.28189135,0.890625
14.0,2528.0,0.37770241,0.859375
14.0,2529.0,0.30401745,0.875
14.0,2530.0,0.37354678,0.84375
14.0,2531.0,0.3661063,0.828125
14.0,2532.0,0.27574456,0.90625
14.0,2533.0,0.30139464,0.875
14.0,2534.0,0.3972984,0.828125
14.0,2535.0,0.42077428,0.8125
14.0,2536.0,0.37452197,0.8125
14.0,2537.0,0.3787746,0.828125
14.0,2538.0,0.41166824,0.84375
14.0,2539.0,0.3948102,0.75
14.0,2540.0,0.26676837,0.890625
14.0,2541.0,0.4267011,0.84375
14.0,2542.0,0.27240002,0.90625
14.0,2543.0,0.20642744,0.953125
14.0,2544.0,0.32283628,0.84375
14.0,2545.0,0.3162134,0.875
14.0,2546.0,0.30806804,0.828125
14.0,2547.0,0.3462214,0.828125
14.0,2548.0,0.32328945,0.828125
14.0,2549.0,0.34026766,0.84375
14.0,2550.0,0.62173516,0.765625
14.0,2551.0,0.2189989,0.921875
14.0,2552.0,0.40058684,0.828125
14.0,2553.0,0.3046844,0.84375
14.0,2554.0,0.53013587,0.75
14.0,2555.0,0.27425164,0.90625
14.0,2556.0,0.30836675,0.84375
14.0,2557.0,0.39026403,0.8125
14.0,2558.0,0.35454762,0.8125
14.0,2559.0,0.35723633,0.859375
14.0,2560.0,0.35534695,0.875
14.0,2561.0,0.33333036,0.875
14.0,2562.0,0.39035055,0.859375
14.0,2563.0,0.3195455,0.875
14.0,2564.0,0.43219578,0.8125
14.0,2565.0,0.35826766,0.84375
14.0,2566.0,0.31744716,0.84375
14.0,2567.0,0.45834845,0.78125
14.0,2568.0,0.3532693,0.875
14.0,2569.0,0.36681688,0.890625
14.0,2570.0,0.42088908,0.8125
14.0,2571.0,0.27078098,0.90625
14.0,2572.0,0.29343805,0.875
14.0,2573.0,0.23521204,0.921875
14.0,2574.0,0.38006085,0.859375
14.0,2575.0,0.42742595,0.828125
14.0,2576.0,0.31775314,0.84375
14.0,2577.0,0.43206212,0.828125
14.0,2578.0,0.34910235,0.796875
14.0,2579.0,0.22335184,0.9375
14.0,2580.0,0.4004131,0.84375
14.0,2581.0,0.26989168,0.875
14.0,2582.0,0.518818,0.765625
14.0,2583.0,0.2675291,0.890625
14.0,2584.0,0.3835135,0.859375
14.0,2585.0,0.34008002,0.875
14.0,2586.0,0.31100526,0.828125
14.0,2587.0,0.3615658,0.828125
14.0,2588.0,0.37805837,0.828125
14.0,2589.0,0.35656118,0.890625
14.0,2590.0,0.3241076,0.828125
14.0,2591.0,0.3626565,0.828125
14.0,2592.0,0.2868685,0.890625
14.0,2593.0,0.4293145,0.75
14.0,2594.0,0.31027526,0.859375
14.0,2595.0,0.3089405,0.84375
14.0,2596.0,0.38203654,0.78125
14.0,2597.0,0.38003534,0.859375
14.0,2598.0,0.35157463,0.84375
14.0,2599.0,0.3332127,0.84375
14.0,2600.0,0.4125637,0.859375
14.0,2601.0,0.30729762,0.859375
14.0,2602.0,0.45475772,0.796875
14.0,2603.0,0.19702363,0.9375
14.0,2604.0,0.2912078,0.859375
14.0,2605.0,0.3462352,0.875
14.0,2606.0,0.3057024,0.859375
14.0,2607.0,0.517877,0.796875
14.0,2608.0,0.29667035,0.890625
14.0,2609.0,0.3036099,0.890625
14.0,2610.0,0.31490612,0.84375
14.0,2611.0,0.32953602,0.84375
14.0,2612.0,0.30724454,0.875
14.0,2613.0,0.33813012,0.84375
14.0,2614.0,0.31277072,0.859375
14.0,2615.0,0.47705147,0.75
14.0,2616.0,0.40971977,0.828125
14.0,2617.0,0.34653807,0.828125
14.0,2618.0,0.36763284,0.84375
14.0,2619.0,0.47889623,0.8125
14.0,2620.0,0.2937847,0.84375
14.0,2621.0,0.27465317,0.859375
14.0,2622.0,0.25318843,0.921875
14.0,2623.0,0.31800082,0.875
14.0,2624.0,0.2525597,0.90625
14.0,2625.0,0.37484378,0.828125
14.0,2626.0,0.30040818,0.875
14.0,2627.0,0.29486883,0.875
14.0,2628.0,0.32616347,0.875
14.0,2629.0,0.33114752,0.859375
14.0,2630.0,0.2689618,0.90625
14.0,2631.0,0.23982884,0.921875
14.0,2632.0,0.27628505,0.90625
15.0,2633.0,0.30651912,0.859375
15.0,2634.0,0.30338675,0.875
15.0,2635.0,0.39634013,0.8125
15.0,2636.0,0.35005704,0.875
15.0,2637.0,0.31750268,0.84375
15.0,2638.0,0.30644807,0.875
15.0,2639.0,0.26926008,0.875
15.0,2640.0,0.4578798,0.8125
15.0,2641.0,0.352568,0.859375
15.0,2642.0,0.2801822,0.890625
15.0,2643.0,0.36543894,0.8125
15.0,2644.0,0.42877644,0.8125
15.0,2645.0,0.3010028,0.859375
15.0,2646.0,0.31229883,0.875
15.0,2647.0,0.27831554,0.859375
15.0,2648.0,0.33475202,0.859375
15.0,2649.0,0.35939547,0.90625
15.0,2650.0,0.4003573,0.8125
15.0,2651.0,0.3816072,0.78125
15.0,2652.0,0.38326466,0.828125
15.0,2653.0,0.38775784,0.796875
15.0,2654.0,0.32835975,0.796875
15.0,2655.0,0.34060895,0.859375
15.0,2656.0,0.42802158,0.84375
15.0,2657.0,0.34255463,0.84375
15.0,2658.0,0.44645566,0.796875
15.0,2659.0,0.34636897,0.859375
15.0,2660.0,0.4184142,0.828125
15.0,2661.0,0.27116054,0.921875
15.0,2662.0,0.40175608,0.828125
15.0,2663.0,0.27841464,0.90625
15.0,2664.0,0.34079376,0.859375
15.0,2665.0,0.37377584,0.875
15.0,2666.0,0.39328855,0.828125
15.0,2667.0,0.27553588,0.859375
15.0,2668.0,0.34838971,0.875
15.0,2669.0,0.46011305,0.828125
15.0,2670.0,0.40024176,0.875
15.0,2671.0,0.2883229,0.890625
15.0,2672.0,0.3337907,0.84375
15.0,2673.0,0.3067931,0.8125
15.0,2674.0,0.3054161,0.90625
15.0,2675.0,0.42150795,0.796875
15.0,2676.0,0.290384,0.890625
15.0,2677.0,0.32736695,0.90625
15.0,2678.0,0.30567425,0.875
15.0,2679.0,0.3451133,0.859375
15.0,2680.0,0.4312455,0.828125
15.0,2681.0,0.29515594,0.84375
15.0,2682.0,0.39535123,0.84375
15.0,2683.0,0.2491775,0.890625
15.0,2684.0,0.32088202,0.875
15.0,2685.0,0.30682993,0.890625
15.0,2686.0,0.25734693,0.90625
15.0,2687.0,0.44638985,0.78125
15.0,2688.0,0.31329405,0.875
15.0,2689.0,0.38447562,0.84375
15.0,2690.0,0.26685762,0.921875
15.0,2691.0,0.32630488,0.828125
15.0,2692.0,0.31581917,0.890625
15.0,2693.0,0.3201962,0.859375
15.0,2694.0,0.3188214,0.890625
15.0,2695.0,0.38277692,0.796875
15.0,2696.0,0.34148163,0.84375
15.0,2697.0,0.4439505,0.828125
15.0,2698.0,0.3600948,0.84375
15.0,2699.0,0.33371872,0.875
15.0,2700.0,0.4361512,0.8125
15.0,2701.0,0.4377685,0.78125
15.0,2702.0,0.3893627,0.859375
15.0,2703.0,0.42755625,0.78125
15.0,2704.0,0.4294276,0.84375
15.0,2705.0,0.51221365,0.75
15.0,2706.0,0.32198668,0.875
15.0,2707.0,0.27795762,0.875
15.0,2708.0,0.35367027,0.84375
15.0,2709.0,0.36637035,0.84375
15.0,2710.0,0.47218016,0.75
15.0,2711.0,0.31863534,0.875
15.0,2712.0,0.42597666,0.78125
15.0,2713.0,0.27208713,0.921875
15.0,2714.0,0.3764032,0.84375
15.0,2715.0,0.26031294,0.90625
15.0,2716.0,0.3105918,0.890625
15.0,2717.0,0.32384357,0.890625
15.0,2718.0,0.3130173,0.828125
15.0,2719.0,0.3066706,0.84375
15.0,2720.0,0.32612783,0.84375
15.0,2721.0,0.301765,0.875
15.0,2722.0,0.43726152,0.796875
15.0,2723.0,0.20345671,0.953125
15.0,2724.0,0.3883828,0.828125
15.0,2725.0,0.40987274,0.796875
15.0,2726.0,0.3872592,0.84375
15.0,2727.0,0.28012156,0.890625
15.0,2728.0,0.39166924,0.796875
15.0,2729.0,0.3846465,0.859375
15.0,2730.0,0.44385818,0.8125
15.0,2731.0,0.23012432,0.890625
15.0,2732.0,0.3689806,0.84375
15.0,2733.0,0.3491939,0.84375
15.0,2734.0,0.3873112,0.8125
15.0,2735.0,0.23616005,0.9375
15.0,2736.0,0.31940752,0.859375
15.0,2737.0,0.40375385,0.78125
15.0,2738.0,0.36573192,0.8125
15.0,2739.0,0.31885517,0.859375
15.0,2740.0,0.3719123,0.828125
15.0,2741.0,0.30673364,0.8125
15.0,2742.0,0.48216477,0.8125
15.0,2743.0,0.307321,0.890625
15.0,2744.0,0.34999117,0.8125
15.0,2745.0,0.43009454,0.765625
15.0,2746.0,0.32194546,0.859375
15.0,2747.0,0.48765782,0.8125
15.0,2748.0,0.4420176,0.796875
15.0,2749.0,0.29590684,0.859375
15.0,2750.0,0.34449726,0.84375
15.0,2751.0,0.4592528,0.8125
15.0,2752.0,0.41664538,0.796875
15.0,2753.0,0.4140714,0.828125
15.0,2754.0,0.28937852,0.875
15.0,2755.0,0.33693355,0.875
15.0,2756.0,0.36076683,0.828125
15.0,2757.0,0.37041643,0.828125
15.0,2758.0,0.36628774,0.84375
15.0,2759.0,0.49471378,0.8125
15.0,2760.0,0.3553062,0.84375
15.0,2761.0,0.44780782,0.8125
15.0,2762.0,0.455804,0.765625
15.0,2763.0,0.48878673,0.828125
15.0,2764.0,0.30510166,0.890625
15.0,2765.0,0.2672703,0.9375
15.0,2766.0,0.38254863,0.8125
15.0,2767.0,0.3470523,0.890625
15.0,2768.0,0.34918243,0.859375
15.0,2769.0,0.30476633,0.84375
15.0,2770.0,0.37956902,0.84375
15.0,2771.0,0.24005108,0.90625
15.0,2772.0,0.3462913,0.84375
15.0,2773.0,0.3035105,0.859375
15.0,2774.0,0.2932819,0.90625
15.0,2775.0,0.3616493,0.796875
15.0,2776.0,0.3833677,0.8125
15.0,2777.0,0.22761911,0.9375
15.0,2778.0,0.316588,0.875
15.0,2779.0,0.47291535,0.84375
15.0,2780.0,0.31378186,0.859375
15.0,2781.0,0.28457025,0.875
15.0,2782.0,0.44428444,0.8125
15.0,2783.0,0.2874072,0.921875
15.0,2784.0,0.2396437,0.90625
15.0,2785.0,0.29079363,0.890625
15.0,2786.0,0.28958958,0.890625
15.0,2787.0,0.22643435,0.90625
15.0,2788.0,0.3806241,0.890625
15.0,2789.0,0.23259251,0.90625
15.0,2790.0,0.43014622,0.765625
15.0,2791.0,0.31489015,0.828125
15.0,2792.0,0.329605,0.875
15.0,2793.0,0.3449752,0.875
15.0,2794.0,0.43781248,0.8125
15.0,2795.0,0.3516256,0.78125
15.0,2796.0,0.31442514,0.84375
15.0,2797.0,0.3303374,0.84375
15.0,2798.0,0.6388344,0.734375
15.0,2799.0,0.371192,0.828125
15.0,2800.0,0.30968136,0.90625
15.0,2801.0,0.2829926,0.890625
15.0,2802.0,0.31254762,0.890625
15.0,2803.0,0.4246396,0.859375
15.0,2804.0,0.26907182,0.890625
15.0,2805.0,0.48933434,0.75
15.0,2806.0,0.31009215,0.84375
15.0,2807.0,0.21863937,0.9375
15.0,2808.0,0.31958503,0.859375
15.0,2809.0,0.32669267,0.859375
15.0,2810.0,0.31567535,0.890625
15.0,2811.0,0.26942596,0.890625
15.0,2812.0,0.27531242,0.921875
15.0,2813.0,0.33481994,0.84375
15.0,2814.0,0.36971262,0.8125
15.0,2815.0,0.29363203,0.890625
15.0,2816.0,0.38924816,0.84375
15.0,2817.0,0.28158528,0.890625
15.0,2818.0,0.4378929,0.75
15.0,2819.0,0.37716776,0.8125
15.0,2820.0,0.3932904,0.8125
